Id,Predicted
11186,0
11185,1
11184,1
11183,0
11182,1
11181,1
11180,1
11179,1
11178,0
11177,0
11176,1
11175,0
11174,0
11173,1
11172,1
11171,0
11170,1
11169,0
11168,0
11167,1
11166,1
11165,0
11164,0
11163,1
11162,1
11161,1
11160,0
11159,0
11158,0
11157,1
11156,1
11155,0
11154,1
11153,0
11152,0
11151,0
11150,1
11149,0
11148,1
11147,1
11146,1
11145,1
11144,1
11143,1
11142,1
11141,1
11140,0
11139,1
11138,0
11137,0
11136,1
11135,0
11134,0
11133,0
11132,0
11131,1
11130,1
11129,1
11128,0
11127,0
11126,1
11125,1
11124,1
11123,1
11122,0
11121,0
11120,1
11119,0
11118,1
11117,0
11116,0
11115,0
11114,1
11113,0
11112,1
11111,1
11110,0
11109,0
11108,0
11107,0
11106,0
11105,0
11104,1
11103,0
11102,1
11101,1
11100,1
11099,0
11098,1
11097,0
11096,1
11095,0
11094,1
11093,0
11092,0
11091,0
11090,0
11089,0
11088,1
11087,1
11086,0
11085,1
11084,0
11083,0
11082,0
11081,1
11080,0
11079,0
11078,1
11077,1
11076,0
11075,0
11074,1
11073,0
11072,0
11071,0
11070,0
11069,0
11068,1
11067,0
11066,1
11065,0
11064,0
11063,1
11062,1
11061,1
11060,1
11059,0
11058,0
11057,0
11056,0
11055,0
11054,1
11053,0
11052,0
11051,0
11050,1
11049,1
11048,1
11047,1
11046,0
11045,1
11044,1
11043,1
11042,1
11041,0
11040,1
11039,1
11038,1
11037,0
11036,1
11035,1
11034,0
11033,0
11032,1
11031,1
11030,1
11029,0
11028,1
11027,1
11026,1
11025,1
11024,1
11023,0
11022,0
11021,0
11020,1
11019,1
11018,1
11017,0
11016,1
11015,1
11014,1
11013,1
11012,0
11011,1
11010,1
11009,1
11008,1
11007,0
11006,0
11005,1
11004,1
11003,0
11002,1
11001,1
11000,0
10999,1
10998,0
10997,0
10996,0
10995,0
10994,0
10993,1
10992,0
10991,1
10990,0
10989,1
10988,1
10987,1
10986,0
10985,1
10984,1
10983,1
10982,1
10981,1
10980,0
10979,0
10978,1
10977,0
10976,1
10975,1
10974,1
10973,1
10972,1
10971,1
10970,0
10969,1
10968,1
10967,1
10966,1
10965,1
10964,0
10963,0
10962,1
10961,0
10960,1
10959,0
10958,1
10957,0
10956,0
10955,1
10954,1
10953,0
10952,1
10951,1
10950,0
10949,1
10948,0
10947,1
10946,0
10945,0
10944,1
10943,0
10942,1
10941,1
10940,0
10939,0
10938,0
10937,1
10936,0
10935,1
10934,1
10933,0
10932,1
10931,0
10930,1
10929,1
10928,0
10927,0
10926,1
10925,0
10924,1
10923,0
10922,0
10921,0
10920,1
10919,1
10918,1
10917,0
10916,0
10915,0
10914,1
10913,1
10912,1
10911,1
10910,1
10909,1
10908,0
10907,0
10906,1
10905,1
10904,1
10903,1
10902,0
10901,0
10900,0
10899,1
10898,0
10897,0
10896,0
10895,1
10894,0
10893,0
10892,1
10891,1
10890,1
10889,1
10888,1
10887,1
10886,1
10885,0
10884,1
10883,0
10882,1
10881,0
10880,0
10879,0
10878,0
10877,1
10876,0
10875,0
10874,0
10873,1
10872,0
10871,1
10870,1
10869,0
10868,0
10867,1
10866,0
10865,1
10864,0
10863,0
10862,1
10861,1
10860,1
10859,1
10858,0
10857,0
10856,1
10855,1
10854,0
10853,0
10852,0
10851,0
10850,0
10849,1
10848,1
10847,1
10846,0
10845,1
10844,0
10843,1
10842,1
10841,1
10840,0
10839,0
10838,0
10837,0
10836,0
10835,0
10834,1
10833,0
10832,1
10831,0
10830,1
10829,1
10828,0
10827,0
10826,0
10825,1
10824,1
10823,1
10822,0
10821,1
10820,0
10819,1
10818,1
10817,0
10816,1
10815,1
10814,1
10813,1
10812,0
10811,0
10810,1
10809,1
10808,0
10807,0
10806,1
10805,0
10804,0
10803,0
10802,1
10801,1
10800,0
10799,0
10798,1
10797,1
10796,0
10795,1
10794,0
10793,1
10792,0
10791,0
10790,0
10789,1
10788,0
10787,0
10786,1
10785,0
10784,0
10783,1
10782,0
10781,1
10780,0
10779,1
10778,1
10777,1
10776,1
10775,1
10774,1
10773,1
10772,0
10771,1
10770,1
10769,0
10768,0
10767,0
10766,0
10765,0
10764,1
10763,1
10762,0
10761,1
10760,1
10759,1
10758,1
10757,1
10756,1
10755,1
10754,0
10753,1
10752,1
10751,0
10750,1
10749,1
10748,1
10747,1
10746,0
10745,0
10744,1
10743,0
10742,1
10741,0
10740,0
10739,0
10738,1
10737,1
10736,0
10735,0
10734,1
10733,1
10732,0
10731,1
10730,0
10729,1
10728,1
10727,1
10726,1
10725,1
10724,0
10723,0
10722,1
10721,1
10720,0
10719,1
10718,0
10717,0
10716,0
10715,1
10714,0
10713,1
10712,1
10711,1
10710,0
10709,0
10708,0
10707,1
10706,1
10705,0
10704,0
10703,1
10702,0
10701,0
10700,1
10699,1
10698,1
10697,1
10696,0
10695,1
10694,0
10693,1
10692,0
10691,1
10690,1
10689,0
10688,1
10687,0
10686,0
10685,1
10684,1
10683,0
10682,1
10681,1
10680,1
10679,1
10678,0
10677,1
10676,0
10675,1
10674,0
10673,1
10672,0
10671,1
10670,0
10669,1
10668,1
10667,0
10666,1
10665,1
10664,1
10663,1
10662,1
10661,0
10660,1
10659,0
10658,1
10657,1
10656,0
10655,0
10654,0
10653,0
10652,0
10651,1
10650,0
10649,0
10648,0
10647,0
10646,1
10645,1
10644,1
10643,0
10642,0
10641,1
10640,1
10639,0
10638,1
10637,1
10636,0
10635,0
10634,0
10633,1
10632,0
10631,0
10630,1
10629,1
10628,0
10627,1
10626,1
10625,0
10624,1
10623,0
10622,1
10621,0
10620,1
10619,0
10618,0
10617,1
10616,0
10615,0
10614,0
10613,0
10612,0
10611,0
10610,0
10609,1
10608,0
10607,0
10606,1
10605,1
10604,0
10603,0
10602,1
10601,1
10600,0
10599,0
10598,0
10597,0
10596,0
10595,0
10594,0
10593,0
10592,1
10591,1
10590,1
10589,1
10588,1
10587,1
10586,0
10585,1
10584,0
10583,0
10582,1
10581,0
10580,0
10579,1
10578,0
10577,1
10576,0
10575,1
10574,1
10573,1
10572,0
10571,0
10570,0
10569,1
10568,1
10567,0
10566,0
10565,0
10564,1
10563,1
10562,1
10561,1
10560,1
10559,0
10558,1
10557,1
10556,0
10555,1
10554,1
10553,1
10552,0
10551,1
10550,0
10549,0
10548,0
10547,1
10546,0
10545,1
10544,1
10543,0
10542,0
10541,1
10540,0
10539,1
10538,0
10537,0
10536,1
10535,0
10534,0
10533,1
10532,0
10531,0
10530,1
10529,0
10528,1
10527,0
10526,0
10525,0
10524,1
10523,0
10522,1
10521,0
10520,1
10519,0
10518,0
10517,1
10516,1
10515,1
10514,1
10513,1
10512,0
10511,0
10510,0
10509,0
10508,1
10507,0
10506,1
10505,0
10504,0
10503,0
10502,1
10501,0
10500,0
10499,1
10498,1
10497,1
10496,0
10495,1
10494,0
10493,0
10492,0
10491,0
10490,0
10489,1
10488,1
10487,1
10486,1
10485,0
10484,1
10483,0
10482,1
10481,1
10480,0
10479,1
10478,1
10477,0
10476,1
10475,0
10474,1
10473,1
10472,1
10471,1
10470,0
10469,0
10468,0
10467,1
10466,1
10465,1
10464,1
10463,1
10462,1
10461,1
10460,1
10459,0
10458,0
10457,0
10456,1
10455,1
10454,1
10453,0
10452,1
10451,1
10450,0
10449,0
10448,0
10447,0
10446,0
10445,1
10444,0
10443,1
10442,1
10441,0
10440,0
10439,0
10438,1
10437,1
10436,1
10435,1
10434,0
10433,0
10432,0
10431,0
10430,1
10429,0
10428,0
10427,0
10426,0
10425,0
10424,0
10423,1
10422,0
10421,0
10420,0
10419,0
10418,0
10417,0
10416,1
10415,0
10414,1
10413,1
10412,0
10411,1
10410,1
10409,0
10408,1
10407,0
10406,1
10405,1
10404,1
10403,0
10402,1
10401,1
10400,1
10399,0
10398,0
10397,1
10396,1
10395,0
10394,1
10393,0
10392,0
10391,0
10390,1
10389,0
10388,0
10387,0
10386,1
10385,1
10384,0
10383,0
10382,1
10381,0
10380,1
10379,0
10378,1
10377,0
10376,0
10375,1
10374,1
10373,1
10372,1
10371,0
10370,1
10369,1
10368,1
10367,0
10366,0
10365,0
10364,1
10363,1
10362,0
10361,0
10360,0
10359,1
10358,1
10357,0
10356,1
10355,1
10354,1
10353,1
10352,0
10351,1
10350,0
10349,0
10348,1
10347,1
10346,1
10345,1
10344,1
10343,1
10342,0
10341,0
10340,0
10339,1
10338,0
10337,0
10336,1
10335,1
10334,0
10333,0
10332,0
10331,1
10330,0
10329,0
10328,0
10327,0
10326,0
10325,1
10324,0
10323,1
10322,1
10321,0
10320,1
10319,0
10318,1
10317,0
10316,1
10315,0
10314,0
10313,0
10312,1
10311,0
10310,0
10309,1
10308,0
10307,1
10306,1
10305,1
10304,1
10303,1
10302,1
10301,1
10300,1
10299,0
10298,0
10297,1
10296,0
10295,1
10294,0
10293,1
10292,1
10291,1
10290,0
10289,1
10288,1
10287,1
10286,0
10285,0
10284,0
10283,1
10282,0
10281,1
10280,1
10279,1
10278,0
10277,1
10276,0
10275,0
10274,1
10273,0
10272,1
10271,0
10270,1
10269,1
10268,0
10267,0
10266,1
10265,0
10264,1
10263,1
10262,1
10261,0
10260,0
10259,1
10258,0
10257,1
10256,1
10255,0
10254,1
10253,0
10252,0
10251,1
10250,1
10249,0
10248,0
10247,0
10246,1
10245,0
10244,0
10243,1
10242,1
10241,0
10240,1
10239,0
10238,1
10237,0
10236,0
10235,0
10234,1
10233,0
10232,0
10231,0
10230,0
10229,1
10228,1
10227,1
10226,1
10225,1
10224,0
10223,1
10222,0
10221,1
10220,1
10219,0
10218,1
10217,1
10216,1
10215,0
10214,0
10213,1
10212,1
10211,0
10210,1
10209,1
10208,0
10207,1
10206,0
10205,0
10204,1
10203,1
10202,1
10201,0
10200,0
10199,0
10198,1
10197,0
10196,1
10195,1
10194,1
10193,0
10192,0
10191,1
10190,1
10189,1
10188,0
10187,0
10186,1
10185,0
10184,1
10183,1
10182,0
10181,1
10180,0
10179,1
10178,0
10177,1
10176,1
10175,0
10174,0
10173,1
10172,1
10171,1
10170,0
10169,0
10168,1
10167,1
10166,1
10165,1
10164,1
10163,1
10162,1
10161,0
10160,1
10159,1
10158,0
10157,1
10156,1
10155,1
10154,0
10153,1
10152,0
10151,0
10150,0
10149,1
10148,1
10147,1
10146,0
10145,0
10144,0
10143,0
10142,1
10141,1
10140,1
10139,0
10138,1
10137,1
10136,1
10135,0
10134,1
10133,1
10132,1
10131,1
10130,1
10129,0
10128,0
10127,1
10126,1
10125,0
10124,1
10123,1
10122,1
10121,0
10120,0
10119,0
10118,1
10117,0
10116,1
10115,0
10114,0
10113,0
10112,0
10111,1
10110,1
10109,0
10108,0
10107,1
10106,1
10105,1
10104,1
10103,1
10102,1
10101,0
10100,1
10099,1
10098,1
10097,1
10096,1
10095,1
10094,0
10093,1
10092,0
10091,1
10090,0
10089,0
10088,1
10087,0
10086,1
10085,1
10084,1
10083,1
10082,0
10081,1
10080,1
10079,1
10078,1
10077,1
10076,1
10075,1
10074,1
10073,0
10072,0
10071,0
10070,1
10069,1
10068,1
10067,1
10066,0
10065,0
10064,1
10063,0
10062,0
10061,0
10060,1
10059,1
10058,0
10057,0
10056,0
10055,0
10054,1
10053,1
10052,1
10051,1
10050,0
10049,0
10048,1
10047,0
10046,0
10045,1
10044,0
10043,1
10042,0
10041,1
10040,0
10039,1
10038,0
10037,0
10036,1
10035,0
10034,1
10033,0
10032,1
10031,1
10030,0
10029,1
10028,1
10027,1
10026,0
10025,0
10024,1
10023,1
10022,0
10021,0
10020,1
10019,1
10018,0
10017,0
10016,0
10015,1
10014,0
10013,1
10012,0
10011,1
10010,0
10009,1
10008,0
10007,0
10006,1
10005,0
10004,1
10003,1
10002,1
10001,0
10000,1
9999,1
9998,0
9997,0
9996,0
9995,0
9994,0
9993,0
9992,0
9991,0
9990,1
9989,0
9988,1
9987,0
9986,0
9985,1
9984,0
9983,1
9982,1
9981,1
9980,0
9979,1
9978,0
9977,0
9976,1
9975,0
9974,1
9973,0
9972,1
9971,0
9970,1
9969,1
9968,1
9967,1
9966,0
9965,1
9964,1
9963,0
9962,0
9961,0
9960,0
9959,1
9958,0
9957,1
9956,1
9955,0
9954,1
9953,0
9952,1
9951,1
9950,1
9949,1
9948,0
9947,0
9946,0
9945,0
9944,0
9943,1
9942,0
9941,1
9940,1
9939,0
9938,1
9937,1
9936,1
9935,1
9934,0
9933,0
9932,1
9931,0
9930,1
9929,1
9928,1
9927,0
9926,1
9925,1
9924,1
9923,1
9922,1
9921,1
9920,1
9919,1
9918,1
9917,0
9916,1
9915,1
9914,0
9913,1
9912,0
9911,0
9910,0
9909,0
9908,1
9907,0
9906,0
9905,0
9904,0
9903,1
9902,1
9901,0
9900,0
9899,0
9898,0
9897,0
9896,0
9895,0
9894,1
9893,1
9892,0
9891,1
9890,0
9889,0
9888,1
9887,1
9886,0
9885,1
9884,0
9883,1
9882,1
9881,1
9880,1
9879,0
9878,0
9877,1
9876,0
9875,1
9874,1
9873,1
9872,1
9871,0
9870,0
9869,1
9868,0
9867,0
9866,1
9865,0
9864,1
9863,1
9862,0
9861,1
9860,0
9859,1
9858,1
9857,0
9856,1
9855,0
9854,0
9853,0
9852,1
9851,0
9850,0
9849,0
9848,1
9847,1
9846,1
9845,1
9844,1
9843,0
9842,0
9841,0
9840,0
9839,1
9838,0
9837,0
9836,1
9835,0
9834,1
9833,0
9832,1
9831,0
9830,1
9829,1
9828,0
9827,0
9826,1
9825,0
9824,1
9823,0
9822,0
9821,1
9820,1
9819,1
9818,1
9817,0
9816,0
9815,0
9814,0
9813,1
9812,1
9811,1
9810,1
9809,1
9808,0
9807,1
9806,1
9805,1
9804,1
9803,1
9802,1
9801,0
9800,1
9799,0
9798,0
9797,0
9796,1
9795,1
9794,0
9793,0
9792,1
9791,0
9790,1
9789,1
9788,1
9787,0
9786,1
9785,0
9784,1
9783,1
9782,1
9781,1
9780,0
9779,0
9778,1
9777,1
9776,1
9775,0
9774,0
9773,0
9772,1
9771,1
9770,1
9769,0
9768,0
9767,1
9766,0
9765,0
9764,0
9763,1
9762,1
9761,1
9760,0
9759,1
9758,0
9757,0
9756,1
9755,1
9754,0
9753,0
9752,1
9751,1
9750,1
9749,1
9748,1
9747,1
9746,0
9745,0
9744,1
9743,0
9742,0
9741,0
9740,0
9739,0
9738,0
9737,0
9736,0
9735,0
9734,1
9733,1
9732,1
9731,1
9730,1
9729,0
9728,1
9727,1
9726,1
9725,0
9724,1
9723,1
9722,0
9721,1
9720,1
9719,1
9718,0
9717,1
9716,1
9715,0
9714,1
9713,1
9712,0
9711,0
9710,0
9709,0
9708,1
9707,1
9706,0
9705,0
9704,1
9703,1
9702,0
9701,1
9700,0
9699,0
9698,1
9697,1
9696,1
9695,1
9694,1
9693,0
9692,1
9691,0
9690,0
9689,1
9688,1
9687,1
9686,1
9685,0
9684,1
9683,1
9682,0
9681,1
9680,1
9679,1
9678,1
9677,0
9676,1
9675,1
9674,1
9673,0
9672,0
9671,0
9670,0
9669,0
9668,0
9667,0
9666,1
9665,0
9664,0
9663,0
9662,1
9661,1
9660,1
9659,0
9658,0
9657,1
9656,0
9655,0
9654,1
9653,1
9652,0
9651,1
9650,1
9649,0
9648,0
9647,0
9646,0
9645,1
9644,0
9643,0
9642,1
9641,0
9640,0
9639,1
9638,1
9637,1
9636,1
9635,0
9634,1
9633,1
9632,1
9631,0
9630,1
9629,1
9628,0
9627,0
9626,0
9625,1
9624,1
9623,0
9622,1
9621,1
9620,1
9619,1
9618,1
9617,1
9616,1
9615,1
9614,0
9613,1
9612,0
9611,0
9610,0
9609,1
9608,0
9607,0
9606,1
9605,1
9604,0
9603,0
9602,0
9601,0
9600,1
9599,1
9598,0
9597,0
9596,1
9595,0
9594,0
9593,1
9592,1
9591,1
9590,0
9589,1
9588,1
9587,1
9586,1
9585,0
9584,0
9583,0
9582,1
9581,1
9580,0
9579,0
9578,0
9577,1
9576,0
9575,1
9574,1
9573,0
9572,1
9571,1
9570,1
9569,1
9568,1
9567,0
9566,0
9565,1
9564,1
9563,0
9562,0
9561,1
9560,1
9559,1
9558,1
9557,1
9556,1
9555,1
9554,0
9553,0
9552,0
9551,1
9550,0
9549,1
9548,1
9547,1
9546,0
9545,1
9544,0
9543,1
9542,1
9541,1
9540,0
9539,0
9538,0
9537,1
9536,1
9535,1
9534,0
9533,1
9532,1
9531,1
9530,0
9529,1
9528,1
9527,1
9526,0
9525,0
9524,0
9523,0
9522,1
9521,1
9520,1
9519,1
9518,1
9517,1
9516,0
9515,1
9514,0
9513,1
9512,0
9511,1
9510,1
9509,0
9508,0
9507,1
9506,1
9505,1
9504,0
9503,1
9502,1
9501,0
9500,1
9499,0
9498,0
9497,0
9496,0
9495,0
9494,1
9493,0
9492,1
9491,1
9490,1
9489,1
9488,1
9487,0
9486,0
9485,0
9484,1
9483,1
9482,0
9481,0
9480,1
9479,1
9478,0
9477,1
9476,1
9475,1
9474,1
9473,1
9472,0
9471,1
9470,0
9469,0
9468,1
9467,1
9466,0
9465,1
9464,0
9463,1
9462,1
9461,0
9460,1
9459,1
9458,1
9457,1
9456,0
9455,0
9454,0
9453,0
9452,1
9451,1
9450,1
9449,1
9448,1
9447,1
9446,0
9445,1
9444,1
9443,1
9442,1
9441,0
9440,1
9439,1
9438,0
9437,0
9436,1
9435,1
9434,1
9433,1
9432,1
9431,1
9430,0
9429,1
9428,1
9427,1
9426,0
9425,0
9424,1
9423,1
9422,1
9421,1
9420,0
9419,0
9418,1
9417,0
9416,1
9415,1
9414,0
9413,0
9412,0
9411,0
9410,0
9409,0
9408,1
9407,1
9406,1
9405,1
9404,0
9403,1
9402,1
9401,0
9400,1
9399,1
9398,0
9397,0
9396,1
9395,0
9394,1
9393,0
9392,0
9391,1
9390,1
9389,0
9388,0
9387,1
9386,0
9385,1
9384,0
9383,0
9382,0
9381,0
9380,1
9379,0
9378,0
9377,0
9376,1
9375,0
9374,0
9373,0
9372,0
9371,1
9370,1
9369,0
9368,1
9367,1
9366,0
9365,1
9364,0
9363,1
9362,1
9361,1
9360,0
9359,0
9358,1
9357,1
9356,1
9355,1
9354,1
9353,1
9352,1
9351,1
9350,1
9349,1
9348,1
9347,0
9346,1
9345,1
9344,1
9343,0
9342,1
9341,0
9340,1
9339,1
9338,0
9337,1
9336,1
9335,1
9334,1
9333,1
9332,0
9331,0
9330,0
9329,0
9328,0
9327,1
9326,0
9325,1
9324,1
9323,1
9322,0
9321,0
9320,1
9319,0
9318,0
9317,1
9316,0
9315,1
9314,1
9313,0
9312,0
9311,1
9310,1
9309,0
9308,1
9307,0
9306,0
9305,1
9304,1
9303,1
9302,1
9301,1
9300,1
9299,0
9298,1
9297,0
9296,1
9295,0
9294,1
9293,1
9292,0
9291,0
9290,1
9289,1
9288,1
9287,1
9286,0
9285,1
9284,0
9283,1
9282,1
9281,0
9280,0
9279,1
9278,0
9277,0
9276,1
9275,0
9274,1
9273,1
9272,0
9271,1
9270,0
9269,1
9268,1
9267,1
9266,0
9265,1
9264,0
9263,1
9262,1
9261,1
9260,1
9259,1
9258,0
9257,1
9256,1
9255,1
9254,0
9253,0
9252,1
9251,0
9250,0
9249,0
9248,1
9247,1
9246,1
9245,0
9244,1
9243,1
9242,1
9241,1
9240,1
9239,1
9238,1
9237,0
9236,0
9235,1
9234,1
9233,0
9232,0
9231,0
9230,1
9229,0
9228,0
9227,0
9226,1
9225,1
9224,1
9223,1
9222,1
9221,1
9220,1
9219,1
9218,1
9217,0
9216,1
9215,1
9214,0
9213,1
9212,1
9211,1
9210,1
9209,1
9208,0
9207,1
9206,0
9205,1
9204,1
9203,1
9202,1
9201,1
9200,1
9199,0
9198,1
9197,1
9196,1
9195,1
9194,1
9193,1
9192,0
9191,0
9190,0
9189,1
9188,1
9187,1
9186,0
9185,1
9184,1
9183,0
9182,0
9181,1
9180,0
9179,1
9178,1
9177,0
9176,1
9175,0
9174,1
9173,1
9172,1
9171,0
9170,1
9169,1
9168,0
9167,1
9166,1
9165,1
9164,1
9163,0
9162,1
9161,0
9160,1
9159,1
9158,0
9157,1
9156,0
9155,1
9154,0
9153,1
9152,0
9151,1
9150,1
9149,1
9148,1
9147,0
9146,0
9145,1
9144,0
9143,0
9142,1
9141,0
9140,0
9139,1
9138,1
9137,0
9136,1
9135,1
9134,1
9133,0
9132,1
9131,0
9130,0
9129,1
9128,1
9127,1
9126,1
9125,1
9124,0
9123,0
9122,1
9121,1
9120,1
9119,0
9118,1
9117,1
9116,1
9115,1
9114,0
9113,0
9112,1
9111,0
9110,1
9109,0
9108,1
9107,0
9106,1
9105,0
9104,1
9103,1
9102,0
9101,1
9100,0
9099,1
9098,0
9097,1
9096,0
9095,1
9094,0
9093,1
9092,1
9091,1
9090,0
9089,1
9088,0
9087,1
9086,0
9085,1
9084,1
9083,1
9082,0
9081,1
9080,0
9079,1
9078,1
9077,0
9076,0
9075,1
9074,1
9073,1
9072,0
9071,0
9070,0
9069,0
9068,0
9067,1
9066,1
9065,1
9064,0
9063,0
9062,0
9061,0
9060,1
9059,1
9058,1
9057,0
9056,1
9055,1
9054,0
9053,0
9052,0
9051,1
9050,1
9049,0
9048,1
9047,0
9046,0
9045,1
9044,0
9043,1
9042,0
9041,1
9040,0
9039,1
9038,0
9037,0
9036,1
9035,0
9034,1
9033,1
9032,1
9031,1
9030,1
9029,1
9028,1
9027,1
9026,1
9025,0
9024,0
9023,1
9022,1
9021,0
9020,1
9019,0
9018,1
9017,1
9016,1
9015,1
9014,0
9013,0
9012,0
9011,1
9010,0
9009,1
9008,0
9007,1
9006,1
9005,0
9004,0
9003,1
9002,1
9001,0
9000,0
8999,1
8998,1
8997,1
8996,1
8995,1
8994,1
8993,1
8992,1
8991,0
8990,1
8989,0
8988,0
8987,1
8986,1
8985,1
8984,0
8983,0
8982,0
8981,0
8980,0
8979,0
8978,0
8977,1
8976,1
8975,1
8974,1
8973,1
8972,0
8971,0
8970,1
8969,1
8968,1
8967,1
8966,0
8965,1
8964,1
8963,1
8962,1
8961,0
8960,0
8959,1
8958,1
8957,1
8956,1
8955,1
8954,0
8953,0
8952,1
8951,0
8950,0
8949,0
8948,0
8947,1
8946,1
8945,1
8944,1
8943,0
8942,1
8941,0
8940,0
8939,1
8938,1
8937,0
8936,1
8935,0
8934,1
8933,1
8932,0
8931,0
8930,1
8929,1
8928,0
8927,1
8926,0
8925,1
8924,1
8923,1
8922,0
8921,0
8920,1
8919,1
8918,1
8917,0
8916,0
8915,1
8914,1
8913,1
8912,1
8911,0
8910,0
8909,1
8908,1
8907,0
8906,1
8905,1
8904,1
8903,1
8902,0
8901,1
8900,0
8899,1
8898,1
8897,1
8896,0
8895,0
8894,0
8893,0
8892,1
8891,0
8890,1
8889,1
8888,0
8887,1
8886,0
8885,0
8884,0
8883,0
8882,0
8881,0
8880,0
8879,0
8878,0
8877,1
8876,0
8875,0
8874,0
8873,1
8872,1
8871,0
8870,1
8869,1
8868,1
8867,1
8866,1
8865,1
8864,0
8863,0
8862,0
8861,1
8860,1
8859,0
8858,1
8857,1
8856,0
8855,0
8854,1
8853,1
8852,0
8851,1
8850,1
8849,0
8848,1
8847,1
8846,0
8845,1
8844,1
8843,1
8842,0
8841,1
8840,1
8839,0
8838,0
8837,1
8836,1
8835,0
8834,1
8833,1
8832,0
8831,0
8830,1
8829,1
8828,0
8827,0
8826,1
8825,0
8824,0
8823,0
8822,0
8821,1
8820,0
8819,0
8818,1
8817,1
8816,1
8815,0
8814,0
8813,0
8812,1
8811,0
8810,1
8809,1
8808,1
8807,0
8806,1
8805,1
8804,0
8803,0
8802,0
8801,0
8800,1
8799,0
8798,1
8797,0
8796,1
8795,1
8794,0
8793,1
8792,1
8791,0
8790,1
8789,1
8788,0
8787,0
8786,0
8785,0
8784,1
8783,1
8782,1
8781,0
8780,1
8779,0
8778,0
8777,0
8776,1
8775,1
8774,0
8773,1
8772,1
8771,0
8770,0
8769,0
8768,1
8767,1
8766,1
8765,0
8764,1
8763,0
8762,0
8761,0
8760,0
8759,0
8758,1
8757,1
8756,1
8755,0
8754,1
8753,1
8752,0
8751,1
8750,0
8749,0
8748,1
8747,1
8746,0
8745,0
8744,0
8743,0
8742,1
8741,0
8740,0
8739,0
8738,1
8737,0
8736,0
8735,0
8734,1
8733,0
8732,0
8731,0
8730,1
8729,0
8728,0
8727,0
8726,1
8725,0
8724,1
8723,0
8722,0
8721,1
8720,0
8719,1
8718,0
8717,1
8716,1
8715,1
8714,0
8713,1
8712,0
8711,0
8710,0
8709,0
8708,1
8707,0
8706,0
8705,0
8704,0
8703,1
8702,1
8701,0
8700,0
8699,1
8698,0
8697,0
8696,0
8695,0
8694,1
8693,1
8692,0
8691,1
8690,0
8689,0
8688,1
8687,1
8686,0
8685,0
8684,0
8683,1
8682,1
8681,0
8680,1
8679,1
8678,1
8677,0
8676,0
8675,0
8674,0
8673,1
8672,1
8671,0
8670,0
8669,1
8668,1
8667,0
8666,1
8665,0
8664,0
8663,0
8662,1
8661,1
8660,1
8659,0
8658,1
8657,1
8656,0
8655,0
8654,1
8653,0
8652,1
8651,1
8650,0
8649,1
8648,0
8647,1
8646,0
8645,0
8644,1
8643,1
8642,1
8641,0
8640,1
8639,1
8638,0
8637,0
8636,1
8635,0
8634,1
8633,1
8632,1
8631,1
8630,0
8629,0
8628,1
8627,1
8626,1
8625,1
8624,0
8623,1
8622,0
8621,1
8620,0
8619,1
8618,1
8617,1
8616,1
8615,1
8614,0
8613,1
8612,0
8611,0
8610,1
8609,1
8608,1
8607,0
8606,0
8605,0
8604,1
8603,1
8602,0
8601,1
8600,1
8599,0
8598,0
8597,1
8596,0
8595,1
8594,0
8593,0
8592,0
8591,0
8590,1
8589,0
8588,0
8587,1
8586,1
8585,1
8584,0
8583,0
8582,1
8581,0
8580,1
8579,1
8578,1
8577,0
8576,1
8575,0
8574,0
8573,0
8572,0
8571,0
8570,1
8569,0
8568,0
8567,1
8566,1
8565,1
8564,0
8563,1
8562,1
8561,1
8560,1
8559,1
8558,1
8557,1
8556,1
8555,0
8554,0
8553,1
8552,0
8551,1
8550,0
8549,1
8548,0
8547,1
8546,0
8545,1
8544,1
8543,1
8542,0
8541,0
8540,1
8539,1
8538,0
8537,1
8536,1
8535,0
8534,0
8533,1
8532,0
8531,0
8530,0
8529,1
8528,0
8527,0
8526,0
8525,1
8524,1
8523,1
8522,0
8521,0
8520,0
8519,0
8518,1
8517,0
8516,0
8515,1
8514,1
8513,0
8512,0
8511,1
8510,0
8509,1
8508,1
8507,0
8506,0
8505,1
8504,1
8503,1
8502,0
8501,1
8500,0
8499,0
8498,1
8497,1
8496,1
8495,1
8494,1
8493,1
8492,1
8491,0
8490,0
8489,0
8488,1
8487,1
8486,1
8485,0
8484,0
8483,1
8482,0
8481,1
8480,0
8479,0
8478,0
8477,0
8476,1
8475,1
8474,0
8473,1
8472,0
8471,1
8470,0
8469,0
8468,1
8467,0
8466,1
8465,1
8464,0
8463,0
8462,1
8461,0
8460,1
8459,0
8458,0
8457,1
8456,1
8455,0
8454,1
8453,0
8452,1
8451,0
8450,0
8449,1
8448,1
8447,1
8446,1
8445,0
8444,1
8443,1
8442,1
8441,1
8440,0
8439,0
8438,1
8437,0
8436,0
8435,0
8434,0
8433,1
8432,1
8431,0
8430,0
8429,0
8428,0
8427,1
8426,1
8425,1
8424,0
8423,1
8422,1
8421,1
8420,0
8419,0
8418,1
8417,1
8416,0
8415,1
8414,1
8413,0
8412,1
8411,0
8410,0
8409,0
8408,0
8407,1
8406,0
8405,0
8404,1
8403,0
8402,0
8401,0
8400,1
8399,0
8398,0
8397,0
8396,1
8395,1
8394,0
8393,0
8392,0
8391,1
8390,0
8389,0
8388,0
8387,0
8386,0
8385,1
8384,0
8383,1
8382,1
8381,1
8380,1
8379,0
8378,0
8377,0
8376,0
8375,0
8374,1
8373,0
8372,0
8371,0
8370,0
8369,1
8368,1
8367,0
8366,1
8365,0
8364,0
8363,1
8362,0
8361,1
8360,0
8359,1
8358,0
8357,0
8356,1
8355,1
8354,0
8353,0
8352,1
8351,1
8350,1
8349,1
8348,1
8347,1
8346,0
8345,0
8344,1
8343,1
8342,1
8341,0
8340,0
8339,1
8338,0
8337,0
8336,1
8335,1
8334,0
8333,1
8332,1
8331,0
8330,0
8329,1
8328,1
8327,1
8326,1
8325,1
8324,1
8323,1
8322,1
8321,0
8320,0
8319,1
8318,1
8317,1
8316,0
8315,1
8314,0
8313,1
8312,0
8311,1
8310,1
8309,0
8308,1
8307,1
8306,0
8305,0
8304,0
8303,1
8302,1
8301,0
8300,1
8299,1
8298,1
8297,1
8296,0
8295,0
8294,1
8293,1
8292,0
8291,0
8290,0
8289,0
8288,0
8287,0
8286,0
8285,0
8284,1
8283,0
8282,1
8281,1
8280,1
8279,1
8278,0
8277,0
8276,1
8275,1
8274,0
8273,0
8272,0
8271,1
8270,1
8269,1
8268,1
8267,0
8266,1
8265,0
8264,0
8263,1
8262,1
8261,1
8260,1
8259,1
8258,1
8257,0
8256,0
8255,1
8254,0
8253,1
8252,1
8251,1
8250,1
8249,1
8248,0
8247,1
8246,0
8245,1
8244,0
8243,1
8242,0
8241,1
8240,0
8239,1
8238,0
8237,1
8236,0
8235,1
8234,0
8233,1
8232,0
8231,0
8230,1
8229,1
8228,0
8227,1
8226,0
8225,0
8224,1
8223,0
8222,1
8221,1
8220,0
8219,0
8218,1
8217,0
8216,0
8215,0
8214,0
8213,1
8212,1
8211,1
8210,1
8209,1
8208,1
8207,0
8206,0
8205,1
8204,1
8203,1
8202,0
8201,1
8200,1
8199,1
8198,0
8197,0
8196,1
8195,0
8194,1
8193,0
8192,1
8191,0
8190,0
8189,1
8188,1
8187,0
8186,1
8185,1
8184,1
8183,0
8182,1
8181,0
8180,1
8179,0
8178,1
8177,0
8176,0
8175,1
8174,1
8173,0
8172,0
8171,1
8170,1
8169,1
8168,0
8167,1
8166,0
8165,0
8164,1
8163,0
8162,1
8161,1
8160,1
8159,1
8158,1
8157,0
8156,1
8155,1
8154,0
8153,0
8152,1
8151,0
8150,1
8149,0
8148,0
8147,1
8146,0
8145,1
8144,0
8143,0
8142,1
8141,0
8140,1
8139,0
8138,1
8137,0
8136,0
8135,1
8134,1
8133,1
8132,1
8131,1
8130,1
8129,0
8128,1
8127,0
8126,0
8125,0
8124,1
8123,1
8122,0
8121,1
8120,0
8119,0
8118,1
8117,1
8116,1
8115,0
8114,0
8113,1
8112,0
8111,0
8110,1
8109,1
8108,1
8107,1
8106,0
8105,1
8104,0
8103,1
8102,1
8101,0
8100,0
8099,1
8098,0
8097,0
8096,0
8095,0
8094,1
8093,1
8092,1
8091,0
8090,0
8089,1
8088,0
8087,1
8086,1
8085,1
8084,0
8083,1
8082,0
8081,0
8080,0
8079,0
8078,1
8077,0
8076,0
8075,1
8074,1
8073,1
8072,1
8071,0
8070,0
8069,1
8068,1
8067,0
8066,1
8065,0
8064,0
8063,0
8062,1
8061,0
8060,0
8059,1
8058,0
8057,1
8056,1
8055,1
8054,0
8053,0
8052,0
8051,0
8050,1
8049,1
8048,0
8047,1
8046,0
8045,1
8044,1
8043,1
8042,0
8041,1
8040,0
8039,1
8038,0
8037,1
8036,1
8035,0
8034,0
8033,0
8032,1
8031,0
8030,0
8029,1
8028,1
8027,0
8026,1
8025,0
8024,1
8023,0
8022,0
8021,1
8020,0
8019,1
8018,0
8017,1
8016,0
8015,1
8014,1
8013,1
8012,1
8011,1
8010,1
8009,0
8008,0
8007,1
8006,1
8005,1
8004,0
8003,0
8002,1
8001,0
8000,0
7999,0
7998,0
7997,0
7996,1
7995,0
7994,0
7993,1
7992,1
7991,1
7990,1
7989,1
7988,0
7987,1
7986,1
7985,0
7984,0
7983,1
7982,1
7981,1
7980,0
7979,0
7978,1
7977,0
7976,1
7975,0
7974,1
7973,0
7972,0
7971,1
7970,0
7969,1
7968,1
7967,1
7966,1
7965,0
7964,1
7963,0
7962,0
7961,1
7960,1
7959,0
7958,0
7957,1
7956,0
7955,0
7954,1
7953,1
7952,0
7951,0
7950,1
7949,1
7948,0
7947,1
7946,1
7945,0
7944,1
7943,0
7942,1
7941,0
7940,1
7939,1
7938,0
7937,0
7936,0
7935,1
7934,1
7933,1
7932,1
7931,0
7930,0
7929,1
7928,0
7927,0
7926,1
7925,1
7924,0
7923,1
7922,1
7921,0
7920,0
7919,1
7918,1
7917,1
7916,0
7915,0
7914,0
7913,0
7912,0
7911,1
7910,0
7909,1
7908,1
7907,1
7906,1
7905,1
7904,1
7903,0
7902,1
7901,1
7900,1
7899,0
7898,0
7897,1
7896,1
7895,0
7894,1
7893,0
7892,1
7891,1
7890,0
7889,1
7888,0
7887,0
7886,0
7885,1
7884,0
7883,1
7882,0
7881,0
7880,1
7879,0
7878,0
7877,0
7876,0
7875,1
7874,1
7873,1
7872,0
7871,1
7870,0
7869,1
7868,1
7867,1
7866,0
7865,1
7864,1
7863,1
7862,1
7861,0
7860,1
7859,0
7858,0
7857,1
7856,1
7855,0
7854,0
7853,1
7852,1
7851,1
7850,0
7849,1
7848,1
7847,0
7846,0
7845,1
7844,0
7843,1
7842,1
7841,1
7840,0
7839,1
7838,1
7837,0
7836,1
7835,0
7834,1
7833,1
7832,1
7831,0
7830,1
7829,0
7828,1
7827,1
7826,0
7825,1
7824,1
7823,1
7822,1
7821,0
7820,1
7819,0
7818,1
7817,0
7816,0
7815,1
7814,1
7813,0
7812,1
7811,1
7810,1
7809,0
7808,1
7807,1
7806,1
7805,1
7804,1
7803,0
7802,0
7801,0
7800,0
7799,1
7798,0
7797,1
7796,0
7795,0
7794,0
7793,1
7792,1
7791,0
7790,0
7789,0
7788,1
7787,0
7786,1
7785,1
7784,0
7783,1
7782,0
7781,0
7780,0
7779,0
7778,0
7777,0
7776,1
7775,0
7774,1
7773,0
7772,0
7771,1
7770,1
7769,1
7768,0
7767,1
7766,0
7765,1
7764,1
7763,0
7762,0
7761,0
7760,1
7759,0
7758,0
7757,0
7756,1
7755,0
7754,1
7753,0
7752,1
7751,1
7750,1
7749,1
7748,0
7747,1
7746,1
7745,0
7744,1
7743,0
7742,1
7741,0
7740,1
7739,1
7738,0
7737,0
7736,1
7735,0
7734,0
7733,0
7732,0
7731,1
7730,0
7729,1
7728,1
7727,1
7726,0
7725,0
7724,0
7723,1
7722,1
7721,0
7720,0
7719,0
7718,1
7717,1
7716,1
7715,1
7714,0
7713,0
7712,1
7711,1
7710,1
7709,1
7708,0
7707,1
7706,0
7705,1
7704,1
7703,0
7702,1
7701,0
7700,1
7699,1
7698,0
7697,0
7696,0
7695,1
7694,0
7693,1
7692,0
7691,0
7690,0
7689,1
7688,1
7687,1
7686,0
7685,1
7684,0
7683,1
7682,0
7681,1
7680,1
7679,1
7678,1
7677,0
7676,1
7675,1
7674,0
7673,0
7672,1
7671,1
7670,1
7669,1
7668,0
7667,1
7666,1
7665,1
7664,0
7663,1
7662,1
7661,1
7660,1
7659,0
7658,1
7657,0
7656,0
7655,1
7654,0
7653,0
7652,0
7651,1
7650,0
7649,1
7648,0
7647,0
7646,0
7645,0
7644,0
7643,0
7642,1
7641,1
7640,1
7639,1
7638,0
7637,0
7636,1
7635,1
7634,0
7633,1
7632,1
7631,0
7630,0
7629,1
7628,1
7627,1
7626,1
7625,0
7624,0
7623,0
7622,0
7621,1
7620,0
7619,1
7618,1
7617,1
7616,1
7615,0
7614,0
7613,1
7612,1
7611,1
7610,1
7609,0
7608,1
7607,0
7606,1
7605,1
7604,0
7603,0
7602,0
7601,1
7600,1
7599,1
7598,1
7597,1
7596,1
7595,0
7594,1
7593,1
7592,0
7591,0
7590,0
7589,1
7588,1
7587,1
7586,1
7585,1
7584,0
7583,0
7582,1
7581,0
7580,1
7579,1
7578,1
7577,0
7576,1
7575,1
7574,0
7573,1
7572,0
7571,0
7570,1
7569,0
7568,0
7567,0
7566,0
7565,0
7564,0
7563,0
7562,1
7561,1
7560,0
7559,1
7558,0
7557,0
7556,0
7555,0
7554,1
7553,1
7552,0
7551,1
7550,0
7549,1
7548,1
7547,0
7546,0
7545,0
7544,0
7543,1
7542,1
7541,1
7540,0
7539,1
7538,1
7537,1
7536,1
7535,0
7534,1
7533,0
7532,0
7531,0
7530,0
7529,1
7528,0
7527,0
7526,1
7525,0
7524,1
7523,1
7522,0
7521,1
7520,1
7519,1
7518,0
7517,1
7516,0
7515,1
7514,1
7513,1
7512,0
7511,1
7510,0
7509,1
7508,0
7507,1
7506,1
7505,1
7504,0
7503,0
7502,0
7501,1
7500,0
7499,1
7498,1
7497,1
7496,1
7495,1
7494,0
7493,0
7492,1
7491,0
7490,1
7489,1
7488,1
7487,0
7486,0
7485,0
7484,0
7483,0
7482,1
7481,0
7480,1
7479,0
7478,1
7477,1
7476,0
7475,0
7474,0
7473,1
7472,1
7471,0
7470,1
7469,0
7468,1
7467,0
7466,0
7465,1
7464,0
7463,1
7462,0
7461,0
7460,1
7459,0
7458,0
7457,0
7456,0
7455,1
7454,1
7453,0
7452,0
7451,0
7450,0
7449,1
7448,0
7447,0
7446,0
7445,0
7444,0
7443,0
7442,1
7441,0
7440,0
7439,1
7438,0
7437,0
7436,1
7435,1
7434,0
7433,1
7432,1
7431,1
7430,1
7429,1
7428,0
7427,0
7426,0
7425,1
7424,1
7423,0
7422,1
7421,1
7420,0
7419,0
7418,0
7417,0
7416,0
7415,0
7414,1
7413,0
7412,0
7411,0
7410,0
7409,0
7408,0
7407,1
7406,0
7405,0
7404,0
7403,0
7402,0
7401,0
7400,0
7399,1
7398,0
7397,0
7396,1
7395,0
7394,1
7393,0
7392,0
7391,1
7390,0
7389,1
7388,0
7387,0
7386,0
7385,0
7384,0
7383,1
7382,0
7381,1
7380,0
7379,1
7378,1
7377,0
7376,0
7375,1
7374,1
7373,1
7372,1
7371,1
7370,1
7369,1
7368,1
7367,0
7366,0
7365,0
7364,0
7363,1
7362,0
7361,0
7360,0
7359,1
7358,1
7357,0
7356,1
7355,0
7354,0
7353,0
7352,0
7351,0
7350,1
7349,1
7348,1
7347,1
7346,1
7345,1
7344,1
7343,0
7342,0
7341,0
7340,1
7339,1
7338,1
7337,1
7336,1
7335,1
7334,0
7333,1
7332,1
7331,0
7330,1
7329,0
7328,1
7327,0
7326,0
7325,1
7324,1
7323,0
7322,0
7321,1
7320,1
7319,1
7318,0
7317,1
7316,1
7315,1
7314,0
7313,0
7312,0
7311,1
7310,0
7309,1
7308,0
7307,0
7306,1
7305,1
7304,0
7303,1
7302,0
7301,1
7300,0
7299,1
7298,0
7297,1
7296,0
7295,1
7294,0
7293,0
7292,1
7291,0
7290,0
7289,1
7288,0
7287,0
7286,1
7285,0
7284,0
7283,0
7282,1
7281,1
7280,0
7279,1
7278,0
7277,1
7276,1
7275,1
7274,0
7273,0
7272,0
7271,0
7270,1
7269,0
7268,0
7267,1
7266,1
7265,1
7264,0
7263,1
7262,0
7261,1
7260,1
7259,0
7258,1
7257,0
7256,0
7255,0
7254,1
7253,1
7252,0
7251,0
7250,1
7249,1
7248,0
7247,1
7246,0
7245,1
7244,1
7243,0
7242,1
7241,0
7240,1
7239,0
7238,0
7237,0
7236,0
7235,1
7234,0
7233,1
7232,1
7231,0
7230,1
7229,1
7228,1
7227,1
7226,1
7225,1
7224,0
7223,0
7222,1
7221,1
7220,1
7219,1
7218,1
7217,1
7216,1
7215,1
7214,0
7213,0
7212,0
7211,1
7210,1
7209,1
7208,0
7207,0
7206,1
7205,1
7204,1
7203,1
7202,1
7201,1
7200,0
7199,0
7198,1
7197,0
7196,1
7195,1
7194,0
7193,0
7192,0
7191,0
7190,0
7189,0
7188,0
7187,1
7186,0
7185,0
7184,0
7183,1
7182,0
7181,0
7180,0
7179,1
7178,1
7177,1
7176,0
7175,0
7174,0
7173,0
7172,0
7171,0
7170,0
7169,1
7168,1
7167,1
7166,1
7165,0
7164,0
7163,1
7162,1
7161,1
7160,1
7159,0
7158,0
7157,0
7156,1
7155,0
7154,0
7153,0
7152,0
7151,0
7150,0
7149,0
7148,1
7147,0
7146,0
7145,1
7144,1
7143,0
7142,0
7141,1
7140,1
7139,1
7138,1
7137,0
7136,1
7135,1
7134,0
7133,0
7132,1
7131,1
7130,1
7129,0
7128,1
7127,0
7126,0
7125,0
7124,0
7123,1
7122,0
7121,0
7120,0
7119,1
7118,0
7117,1
7116,1
7115,1
7114,0
7113,1
7112,0
7111,0
7110,1
7109,1
7108,1
7107,1
7106,0
7105,1
7104,1
7103,1
7102,0
7101,1
7100,1
7099,1
7098,1
7097,1
7096,1
7095,0
7094,0
7093,1
7092,1
7091,1
7090,0
7089,0
7088,1
7087,0
7086,0
7085,0
7084,1
7083,0
7082,1
7081,1
7080,1
7079,0
7078,1
7077,1
7076,1
7075,1
7074,0
7073,1
7072,0
7071,0
7070,0
7069,1
7068,0
7067,0
7066,1
7065,1
7064,1
7063,1
7062,1
7061,0
7060,1
7059,0
7058,0
7057,1
7056,0
7055,1
7054,0
7053,0
7052,0
7051,0
7050,0
7049,0
7048,1
7047,0
7046,0
7045,1
7044,1
7043,1
7042,1
7041,0
7040,0
7039,0
7038,1
7037,0
7036,0
7035,0
7034,0
7033,1
7032,0
7031,0
7030,1
7029,1
7028,0
7027,1
7026,0
7025,1
7024,1
7023,1
7022,1
7021,1
7020,1
7019,1
7018,0
7017,1
7016,0
7015,0
7014,1
7013,0
7012,1
7011,0
7010,1
7009,0
7008,0
7007,0
7006,1
7005,1
7004,1
7003,1
7002,1
7001,1
7000,0
6999,0
6998,1
6997,1
6996,1
6995,0
6994,1
6993,0
6992,1
6991,0
6990,0
6989,0
6988,1
6987,0
6986,1
6985,0
6984,1
6983,1
6982,0
6981,1
6980,0
6979,1
6978,1
6977,1
6976,0
6975,1
6974,1
6973,0
6972,1
6971,0
6970,0
6969,1
6968,1
6967,0
6966,1
6965,0
6964,1
6963,1
6962,0
6961,1
6960,0
6959,1
6958,0
6957,1
6956,1
6955,1
6954,1
6953,0
6952,1
6951,1
6950,0
6949,1
6948,0
6947,0
6946,1
6945,0
6944,0
6943,1
6942,1
6941,1
6940,0
6939,0
6938,1
6937,1
6936,0
6935,0
6934,0
6933,1
6932,1
6931,0
6930,1
6929,1
6928,1
6927,1
6926,0
6925,1
6924,1
6923,0
6922,1
6921,1
6920,0
6919,0
6918,1
6917,0
6916,1
6915,0
6914,0
6913,0
6912,1
6911,0
6910,0
6909,1
6908,0
6907,1
6906,0
6905,0
6904,0
6903,0
6902,0
6901,1
6900,0
6899,0
6898,0
6897,0
6896,1
6895,1
6894,0
6893,0
6892,1
6891,0
6890,0
6889,1
6888,1
6887,1
6886,1
6885,0
6884,1
6883,0
6882,1
6881,1
6880,0
6879,0
6878,1
6877,0
6876,0
6875,0
6874,1
6873,1
6872,1
6871,0
6870,0
6869,1
6868,0
6867,0
6866,0
6865,1
6864,0
6863,0
6862,0
6861,1
6860,0
6859,0
6858,0
6857,0
6856,0
6855,0
6854,1
6853,0
6852,1
6851,1
6850,0
6849,0
6848,0
6847,0
6846,0
6845,0
6844,0
6843,0
6842,0
6841,1
6840,1
6839,1
6838,0
6837,0
6836,1
6835,0
6834,1
6833,1
6832,1
6831,1
6830,0
6829,0
6828,0
6827,0
6826,1
6825,1
6824,1
6823,0
6822,1
6821,1
6820,0
6819,0
6818,0
6817,1
6816,0
6815,0
6814,0
6813,0
6812,0
6811,1
6810,1
6809,0
6808,0
6807,0
6806,1
6805,0
6804,0
6803,0
6802,1
6801,0
6800,1
6799,0
6798,0
6797,0
6796,0
6795,1
6794,0
6793,0
6792,1
6791,0
6790,1
6789,0
6788,0
6787,1
6786,0
6785,0
6784,1
6783,1
6782,1
6781,1
6780,1
6779,1
6778,0
6777,0
6776,0
6775,1
6774,1
6773,1
6772,1
6771,0
6770,0
6769,0
6768,1
6767,1
6766,0
6765,0
6764,1
6763,1
6762,1
6761,0
6760,0
6759,1
6758,1
6757,0
6756,0
6755,0
6754,0
6753,1
6752,0
6751,0
6750,1
6749,0
6748,0
6747,1
6746,0
6745,1
6744,0
6743,1
6742,1
6741,1
6740,0
6739,1
6738,0
6737,0
6736,0
6735,0
6734,0
6733,1
6732,1
6731,0
6730,1
6729,0
6728,1
6727,1
6726,0
6725,1
6724,0
6723,1
6722,0
6721,0
6720,1
6719,0
6718,0
6717,0
6716,0
6715,1
6714,0
6713,1
6712,1
6711,1
6710,1
6709,0
6708,1
6707,1
6706,0
6705,0
6704,1
6703,0
6702,0
6701,1
6700,0
6699,0
6698,0
6697,0
6696,1
6695,1
6694,1
6693,0
6692,1
6691,0
6690,1
6689,0
6688,1
6687,1
6686,0
6685,0
6684,0
6683,0
6682,1
6681,1
6680,0
6679,0
6678,0
6677,1
6676,0
6675,0
6674,0
6673,1
6672,0
6671,1
6670,1
6669,1
6668,1
6667,1
6666,0
6665,0
6664,1
6663,1
6662,0
6661,0
6660,1
6659,1
6658,1
6657,0
6656,0
6655,1
6654,1
6653,1
6652,0
6651,1
6650,1
6649,0
6648,0
6647,0
6646,0
6645,0
6644,1
6643,0
6642,1
6641,1
6640,1
6639,1
6638,1
6637,0
6636,0
6635,0
6634,0
6633,0
6632,1
6631,0
6630,1
6629,1
6628,0
6627,1
6626,1
6625,0
6624,1
6623,0
6622,1
6621,0
6620,1
6619,1
6618,1
6617,0
6616,1
6615,0
6614,0
6613,0
6612,1
6611,1
6610,0
6609,1
6608,0
6607,0
6606,1
6605,1
6604,0
6603,0
6602,0
6601,0
6600,1
6599,1
6598,0
6597,1
6596,1
6595,1
6594,0
6593,1
6592,0
6591,1
6590,0
6589,0
6588,0
6587,1
6586,0
6585,1
6584,0
6583,1
6582,0
6581,0
6580,0
6579,0
6578,0
6577,0
6576,0
6575,1
6574,0
6573,1
6572,0
6571,1
6570,0
6569,0
6568,1
6567,0
6566,0
6565,0
6564,0
6563,1
6562,0
6561,1
6560,0
6559,1
6558,1
6557,0
6556,0
6555,0
6554,1
6553,0
6552,1
6551,0
6550,0
6549,0
6548,1
6547,1
6546,1
6545,0
6544,0
6543,1
6542,0
6541,0
6540,1
6539,1
6538,1
6537,1
6536,0
6535,0
6534,1
6533,1
6532,1
6531,1
6530,0
6529,0
6528,1
6527,1
6526,0
6525,1
6524,1
6523,1
6522,0
6521,0
6520,0
6519,0
6518,0
6517,0
6516,0
6515,0
6514,1
6513,1
6512,0
6511,1
6510,0
6509,0
6508,1
6507,1
6506,0
6505,1
6504,0
6503,0
6502,0
6501,1
6500,0
6499,0
6498,0
6497,1
6496,1
6495,1
6494,0
6493,1
6492,1
6491,1
6490,1
6489,0
6488,1
6487,1
6486,0
6485,0
6484,0
6483,1
6482,1
6481,0
6480,0
6479,0
6478,0
6477,1
6476,0
6475,0
6474,0
6473,1
6472,0
6471,1
6470,0
6469,0
6468,0
6467,0
6466,0
6465,0
6464,1
6463,0
6462,1
6461,1
6460,0
6459,0
6458,1
6457,1
6456,0
6455,1
6454,1
6453,1
6452,1
6451,0
6450,0
6449,1
6448,0
6447,0
6446,1
6445,1
6444,1
6443,1
6442,1
6441,0
6440,1
6439,1
6438,0
6437,1
6436,1
6435,0
6434,0
6433,0
6432,0
6431,0
6430,0
6429,0
6428,0
6427,0
6426,0
6425,1
6424,0
6423,0
6422,1
6421,1
6420,0
6419,1
6418,1
6417,1
6416,1
6415,1
6414,1
6413,0
6412,1
6411,1
6410,0
6409,1
6408,1
6407,0
6406,0
6405,0
6404,0
6403,0
6402,1
6401,0
6400,0
6399,0
6398,0
6397,1
6396,0
6395,0
6394,0
6393,0
6392,1
6391,1
6390,1
6389,0
6388,1
6387,0
6386,1
6385,0
6384,0
6383,1
6382,0
6381,1
6380,0
6379,1
6378,1
6377,1
6376,0
6375,1
6374,1
6373,1
6372,1
6371,1
6370,1
6369,1
6368,1
6367,1
6366,1
6365,0
6364,0
6363,1
6362,1
6361,0
6360,0
6359,1
6358,1
6357,0
6356,0
6355,0
6354,1
6353,0
6352,1
6351,0
6350,0
6349,0
6348,1
6347,1
6346,1
6345,1
6344,0
6343,1
6342,0
6341,1
6340,1
6339,1
6338,0
6337,1
6336,1
6335,0
6334,1
6333,0
6332,0
6331,1
6330,0
6329,0
6328,1
6327,1
6326,0
6325,0
6324,1
6323,0
6322,1
6321,0
6320,1
6319,0
6318,1
6317,0
6316,1
6315,1
6314,0
6313,1
6312,0
6311,1
6310,0
6309,1
6308,0
6307,0
6306,1
6305,1
6304,0
6303,1
6302,0
6301,0
6300,0
6299,1
6298,1
6297,1
6296,1
6295,1
6294,0
6293,1
6292,0
6291,0
6290,1
6289,1
6288,0
6287,1
6286,1
6285,1
6284,1
6283,0
6282,0
6281,1
6280,0
6279,0
6278,0
6277,1
6276,0
6275,0
6274,0
6273,1
6272,0
6271,0
6270,0
6269,1
6268,0
6267,1
6266,0
6265,1
6264,0
6263,0
6262,1
6261,0
6260,0
6259,1
6258,1
6257,1
6256,0
6255,0
6254,0
6253,0
6252,1
6251,0
6250,1
6249,0
6248,1
6247,1
6246,1
6245,0
6244,1
6243,1
6242,0
6241,0
6240,1
6239,1
6238,1
6237,0
6236,1
6235,0
6234,1
6233,0
6232,0
6231,1
6230,0
6229,1
6228,1
6227,1
6226,0
6225,0
6224,1
6223,0
6222,0
6221,1
6220,1
6219,1
6218,1
6217,0
6216,0
6215,0
6214,1
6213,0
6212,0
6211,0
6210,0
6209,0
6208,1
6207,1
6206,1
6205,1
6204,0
6203,0
6202,1
6201,1
6200,0
6199,0
6198,1
6197,1
6196,0
6195,0
6194,1
6193,0
6192,1
6191,1
6190,0
6189,0
6188,0
6187,0
6186,0
6185,1
6184,1
6183,0
6182,0
6181,1
6180,0
6179,0
6178,1
6177,0
6176,1
6175,0
6174,0
6173,0
6172,0
6171,0
6170,1
6169,1
6168,1
6167,0
6166,0
6165,1
6164,0
6163,0
6162,1
6161,0
6160,1
6159,0
6158,0
6157,1
6156,0
6155,0
6154,1
6153,1
6152,0
6151,0
6150,1
6149,1
6148,0
6147,1
6146,0
6145,1
6144,0
6143,0
6142,0
6141,1
6140,1
6139,0
6138,1
6137,0
6136,0
6135,0
6134,1
6133,0
6132,0
6131,0
6130,0
6129,1
6128,0
6127,0
6126,1
6125,1
6124,0
6123,1
6122,1
6121,0
6120,0
6119,1
6118,0
6117,1
6116,0
6115,1
6114,1
6113,1
6112,1
6111,0
6110,1
6109,1
6108,0
6107,1
6106,0
6105,0
6104,0
6103,1
6102,1
6101,1
6100,1
6099,1
6098,0
6097,0
6096,1
6095,1
6094,1
6093,0
6092,1
6091,0
6090,1
6089,0
6088,1
6087,1
6086,1
6085,0
6084,0
6083,0
6082,0
6081,0
6080,1
6079,0
6078,1
6077,0
6076,0
6075,0
6074,1
6073,1
6072,0
6071,0
6070,0
6069,1
6068,0
6067,1
6066,0
6065,0
6064,0
6063,1
6062,1
6061,1
6060,1
6059,1
6058,0
6057,0
6056,1
6055,0
6054,1
6053,1
6052,1
6051,1
6050,1
6049,1
6048,0
6047,1
6046,0
6045,0
6044,0
6043,1
6042,0
6041,1
6040,0
6039,0
6038,0
6037,1
6036,1
6035,1
6034,0
6033,1
6032,1
6031,1
6030,0
6029,0
6028,0
6027,0
6026,0
6025,1
6024,0
6023,1
6022,1
6021,1
6020,0
6019,1
6018,1
6017,1
6016,1
6015,0
6014,0
6013,1
6012,0
6011,1
6010,1
6009,1
6008,1
6007,1
6006,0
6005,0
6004,1
6003,1
6002,1
6001,0
6000,0
5999,1
5998,1
5997,0
5996,0
5995,1
5994,0
5993,0
5992,1
5991,0
5990,0
5989,0
5988,0
5987,0
5986,0
5985,1
5984,0
5983,1
5982,1
5981,0
5980,0
5979,0
5978,0
5977,0
5976,1
5975,0
5974,0
5973,1
5972,0
5971,0
5970,1
5969,1
5968,0
5967,0
5966,0
5965,1
5964,1
5963,1
5962,0
5961,1
5960,1
5959,0
5958,1
5957,1
5956,0
5955,1
5954,0
5953,0
5952,1
5951,1
5950,0
5949,1
5948,0
5947,1
5946,1
5945,1
5944,1
5943,1
5942,0
5941,0
5940,1
5939,1
5938,1
5937,0
5936,0
5935,0
5934,1
5933,0
5932,1
5931,0
5930,1
5929,1
5928,1
5927,0
5926,0
5925,1
5924,1
5923,0
5922,0
5921,0
5920,1
5919,0
5918,0
5917,0
5916,1
5915,0
5914,1
5913,1
5912,0
5911,0
5910,0
5909,0
5908,0
5907,1
5906,0
5905,0
5904,1
5903,0
5902,1
5901,1
5900,0
5899,0
5898,1
5897,1
5896,1
5895,1
5894,0
5893,0
5892,0
5891,1
5890,1
5889,0
5888,1
5887,1
5886,0
5885,1
5884,1
5883,1
5882,1
5881,0
5880,0
5879,0
5878,1
5877,0
5876,1
5875,1
5874,0
5873,0
5872,1
5871,1
5870,0
5869,0
5868,1
5867,1
5866,0
5865,1
5864,1
5863,0
5862,1
5861,0
5860,0
5859,0
5858,1
5857,0
5856,1
5855,1
5854,0
5853,0
5852,0
5851,1
5850,1
5849,1
5848,0
5847,1
5846,0
5845,1
5844,0
5843,1
5842,0
5841,0
5840,1
5839,0
5838,0
5837,0
5836,0
5835,1
5834,0
5833,0
5832,0
5831,0
5830,0
5829,0
5828,1
5827,1
5826,0
5825,0
5824,1
5823,0
5822,1
5821,0
5820,0
5819,0
5818,0
5817,1
5816,1
5815,1
5814,0
5813,0
5812,0
5811,1
5810,1
5809,0
5808,1
5807,0
5806,0
5805,0
5804,0
5803,1
5802,0
5801,1
5800,0
5799,1
5798,0
5797,1
5796,1
5795,1
5794,0
5793,0
5792,0
5791,0
5790,0
5789,1
5788,1
5787,0
5786,0
5785,0
5784,0
5783,0
5782,1
5781,0
5780,0
5779,1
5778,0
5777,1
5776,0
5775,1
5774,1
5773,1
5772,0
5771,0
5770,0
5769,0
5768,1
5767,0
5766,0
5765,1
5764,0
5763,0
5762,0
5761,1
5760,1
5759,0
5758,1
5757,1
5756,1
5755,0
5754,0
5753,1
5752,0
5751,0
5750,0
5749,0
5748,0
5747,1
5746,1
5745,0
5744,0
5743,0
5742,0
5741,0
5740,1
5739,1
5738,1
5737,1
5736,0
5735,0
5734,1
5733,0
5732,1
5731,1
5730,1
5729,0
5728,1
5727,0
5726,0
5725,0
5724,1
5723,1
5722,1
5721,1
5720,0
5719,1
5718,0
5717,1
5716,0
5715,1
5714,1
5713,1
5712,1
5711,0
5710,0
5709,1
5708,0
5707,1
5706,0
5705,0
5704,1
5703,1
5702,0
5701,0
5700,0
5699,1
5698,1
5697,0
5696,1
5695,1
5694,1
5693,0
5692,1
5691,1
5690,1
5689,1
5688,0
5687,1
5686,1
5685,1
5684,1
5683,0
5682,0
5681,1
5680,1
5679,0
5678,1
5677,1
5676,1
5675,1
5674,0
5673,1
5672,1
5671,1
5670,1
5669,1
5668,0
5667,1
5666,0
5665,0
5664,1
5663,1
5662,0
5661,0
5660,0
5659,1
5658,1
5657,0
5656,0
5655,1
5654,0
5653,1
5652,1
5651,0
5650,0
5649,0
5648,0
5647,0
5646,0
5645,0
5644,1
5643,1
5642,0
5641,0
5640,1
5639,1
5638,0
5637,0
5636,0
5635,1
5634,1
5633,0
5632,0
5631,0
5630,0
5629,1
5628,0
5627,1
5626,1
5625,1
5624,1
5623,1
5622,0
5621,0
5620,0
5619,1
5618,0
5617,0
5616,1
5615,0
5614,0
5613,1
5612,0
5611,0
5610,0
5609,1
5608,1
5607,0
5606,1
5605,0
5604,1
5603,0
5602,1
5601,0
5600,0
5599,1
5598,0
5597,0
5596,0
5595,0
5594,0
5593,0
5592,0
5591,0
5590,0
5589,0
5588,0
5587,0
5586,1
5585,0
5584,0
5583,0
5582,0
5581,0
5580,1
5579,1
5578,0
5577,1
5576,0
5575,0
5574,0
5573,0
5572,0
5571,0
5570,1
5569,1
5568,0
5567,1
5566,0
5565,1
5564,1
5563,1
5562,1
5561,1
5560,1
5559,0
5558,1
5557,1
5556,1
5555,1
5554,1
5553,1
5552,0
5551,1
5550,1
5549,0
5548,1
5547,1
5546,1
5545,0
5544,0
5543,0
5542,0
5541,1
5540,0
5539,1
5538,0
5537,0
5536,1
5535,1
5534,0
5533,1
5532,0
5531,0
5530,1
5529,0
5528,1
5527,0
5526,1
5525,1
5524,1
5523,0
5522,1
5521,1
5520,0
5519,0
5518,0
5517,0
5516,1
5515,1
5514,0
5513,1
5512,0
5511,0
5510,1
5509,1
5508,1
5507,1
5506,1
5505,1
5504,0
5503,1
5502,1
5501,1
5500,1
5499,1
5498,1
5497,0
5496,1
5495,1
5494,0
5493,0
5492,1
5491,1
5490,1
5489,1
5488,1
5487,1
5486,0
5485,0
5484,1
5483,1
5482,1
5481,0
5480,0
5479,0
5478,0
5477,1
5476,1
5475,0
5474,0
5473,1
5472,0
5471,0
5470,1
5469,0
5468,1
5467,1
5466,1
5465,1
5464,0
5463,0
5462,1
5461,0
5460,1
5459,1
5458,0
5457,0
5456,0
5455,1
5454,1
5453,0
5452,1
5451,1
5450,0
5449,0
5448,0
5447,1
5446,1
5445,1
5444,1
5443,1
5442,0
5441,0
5440,1
5439,1
5438,0
5437,0
5436,1
5435,0
5434,0
5433,0
5432,0
5431,0
5430,0
5429,1
5428,0
5427,0
5426,1
5425,0
5424,1
5423,1
5422,1
5421,1
5420,1
5419,0
5418,1
5417,1
5416,0
5415,1
5414,0
5413,0
5412,0
5411,1
5410,1
5409,0
5408,1
5407,1
5406,1
5405,1
5404,1
5403,1
5402,1
5401,0
5400,0
5399,0
5398,0
5397,0
5396,0
5395,0
5394,0
5393,0
5392,1
5391,0
5390,1
5389,1
5388,1
5387,1
5386,1
5385,0
5384,0
5383,0
5382,1
5381,0
5380,0
5379,0
5378,1
5377,0
5376,0
5375,1
5374,1
5373,0
5372,1
5371,1
5370,0
5369,1
5368,0
5367,1
5366,1
5365,1
5364,1
5363,0
5362,0
5361,0
5360,0
5359,1
5358,1
5357,0
5356,1
5355,0
5354,0
5353,0
5352,0
5351,1
5350,1
5349,1
5348,1
5347,0
5346,0
5345,1
5344,0
5343,0
5342,0
5341,0
5340,0
5339,0
5338,1
5337,1
5336,1
5335,1
5334,1
5333,1
5332,0
5331,0
5330,1
5329,1
5328,1
5327,1
5326,0
5325,1
5324,0
5323,1
5322,0
5321,0
5320,1
5319,0
5318,1
5317,1
5316,0
5315,0
5314,0
5313,1
5312,1
5311,0
5310,1
5309,0
5308,0
5307,0
5306,1
5305,1
5304,0
5303,1
5302,0
5301,1
5300,0
5299,1
5298,1
5297,0
5296,1
5295,1
5294,1
5293,1
5292,0
5291,0
5290,1
5289,0
5288,1
5287,1
5286,1
5285,0
5284,0
5283,0
5282,1
5281,1
5280,0
5279,1
5278,0
5277,0
5276,1
5275,0
5274,0
5273,0
5272,0
5271,0
5270,0
5269,1
5268,0
5267,0
5266,1
5265,1
5264,0
5263,1
5262,0
5261,0
5260,1
5259,1
5258,1
5257,0
5256,1
5255,1
5254,0
5253,0
5252,0
5251,0
5250,1
5249,1
5248,1
5247,1
5246,1
5245,0
5244,1
5243,1
5242,1
5241,0
5240,0
5239,0
5238,1
5237,0
5236,0
5235,0
5234,1
5233,0
5232,0
5231,1
5230,1
5229,0
5228,1
5227,1
5226,0
5225,0
5224,0
5223,1
5222,1
5221,0
5220,1
5219,0
5218,1
5217,0
5216,1
5215,0
5214,0
5213,0
5212,0
5211,0
5210,1
5209,0
5208,1
5207,0
5206,1
5205,1
5204,1
5203,0
5202,1
5201,1
5200,1
5199,1
5198,1
5197,0
5196,0
5195,0
5194,1
5193,0
5192,1
5191,0
5190,0
5189,1
5188,1
5187,1
5186,1
5185,1
5184,1
5183,0
5182,0
5181,1
5180,0
5179,0
5178,1
5177,1
5176,1
5175,0
5174,0
5173,0
5172,0
5171,0
5170,0
5169,1
5168,0
5167,0
5166,1
5165,0
5164,1
5163,0
5162,1
5161,0
5160,1
5159,0
5158,0
5157,0
5156,0
5155,1
5154,0
5153,0
5152,1
5151,1
5150,1
5149,1
5148,1
5147,1
5146,0
5145,1
5144,0
5143,1
5142,1
5141,1
5140,0
5139,1
5138,1
5137,1
5136,1
5135,1
5134,1
5133,1
5132,0
5131,1
5130,1
5129,0
5128,1
5127,1
5126,0
5125,0
5124,0
5123,1
5122,0
5121,1
5120,0
5119,1
5118,1
5117,0
5116,1
5115,1
5114,0
5113,1
5112,1
5111,1
5110,0
5109,0
5108,0
5107,1
5106,1
5105,1
5104,0
5103,1
5102,0
5101,1
5100,0
5099,1
5098,0
5097,0
5096,0
5095,0
5094,1
5093,0
5092,1
5091,1
5090,1
5089,1
5088,1
5087,0
5086,0
5085,1
5084,0
5083,0
5082,1
5081,1
5080,0
5079,1
5078,0
5077,0
5076,0
5075,1
5074,1
5073,1
5072,1
5071,1
5070,0
5069,1
5068,0
5067,1
5066,0
5065,0
5064,1
5063,0
5062,1
5061,1
5060,0
5059,1
5058,1
5057,0
5056,0
5055,0
5054,1
5053,1
5052,1
5051,0
5050,1
5049,0
5048,0
5047,1
5046,0
5045,1
5044,0
5043,0
5042,0
5041,1
5040,0
5039,1
5038,1
5037,0
5036,0
5035,1
5034,1
5033,0
5032,0
5031,1
5030,0
5029,0
5028,1
5027,0
5026,1
5025,0
5024,1
5023,0
5022,1
5021,0
5020,1
5019,0
5018,0
5017,1
5016,1
5015,0
5014,0
5013,0
5012,0
5011,1
5010,1
5009,1
5008,1
5007,1
5006,0
5005,1
5004,0
5003,1
5002,1
5001,0
5000,0
4999,1
4998,0
4997,0
4996,0
4995,0
4994,1
4993,1
4992,0
4991,1
4990,0
4989,1
4988,0
4987,1
4986,0
4985,0
4984,1
4983,1
4982,0
4981,0
4980,0
4979,0
4978,0
4977,0
4976,0
4975,0
4974,0
4973,1
4972,0
4971,1
4970,1
4969,0
4968,1
4967,1
4966,1
4965,1
4964,0
4963,0
4962,0
4961,1
4960,0
4959,0
4958,1
4957,1
4956,1
4955,0
4954,0
4953,1
4952,1
4951,1
4950,0
4949,0
4948,1
4947,0
4946,0
4945,1
4944,0
4943,0
4942,1
4941,1
4940,0
4939,0
4938,1
4937,0
4936,1
4935,0
4934,1
4933,0
4932,1
4931,0
4930,0
4929,1
4928,1
4927,0
4926,1
4925,1
4924,1
4923,0
4922,1
4921,0
4920,0
4919,0
4918,0
4917,1
4916,0
4915,0
4914,0
4913,1
4912,1
4911,1
4910,0
4909,1
4908,1
4907,0
4906,1
4905,1
4904,1
4903,0
4902,0
4901,0
4900,1
4899,0
4898,1
4897,0
4896,1
4895,0
4894,1
4893,0
4892,0
4891,1
4890,0
4889,0
4888,0
4887,1
4886,1
4885,1
4884,1
4883,0
4882,1
4881,1
4880,0
4879,0
4878,1
4877,1
4876,0
4875,1
4874,0
4873,1
4872,0
4871,1
4870,1
4869,1
4868,0
4867,0
4866,1
4865,1
4864,1
4863,1
4862,0
4861,1
4860,1
4859,1
4858,0
4857,1
4856,1
4855,1
4854,1
4853,1
4852,1
4851,0
4850,1
4849,0
4848,1
4847,1
4846,1
4845,0
4844,1
4843,1
4842,0
4841,1
4840,0
4839,0
4838,0
4837,1
4836,1
4835,0
4834,1
4833,0
4832,0
4831,1
4830,1
4829,1
4828,1
4827,1
4826,1
4825,0
4824,1
4823,0
4822,1
4821,1
4820,0
4819,0
4818,0
4817,0
4816,1
4815,0
4814,1
4813,0
4812,0
4811,1
4810,1
4809,1
4808,0
4807,1
4806,0
4805,0
4804,1
4803,1
4802,0
4801,1
4800,0
4799,1
4798,0
4797,1
4796,0
4795,0
4794,0
4793,0
4792,0
4791,0
4790,0
4789,1
4788,0
4787,0
4786,0
4785,0
4784,1
4783,1
4782,0
4781,1
4780,0
4779,1
4778,1
4777,1
4776,0
4775,1
4774,1
4773,1
4772,1
4771,0
4770,0
4769,0
4768,0
4767,1
4766,0
4765,0
4764,0
4763,0
4762,0
4761,0
4760,0
4759,0
4758,1
4757,1
4756,0
4755,0
4754,0
4753,1
4752,0
4751,1
4750,1
4749,0
4748,1
4747,1
4746,0
4745,1
4744,1
4743,0
4742,1
4741,1
4740,1
4739,0
4738,0
4737,1
4736,1
4735,1
4734,0
4733,0
4732,0
4731,1
4730,1
4729,1
4728,0
4727,0
4726,1
4725,1
4724,0
4723,0
4722,1
4721,1
4720,1
4719,0
4718,1
4717,1
4716,0
4715,1
4714,1
4713,0
4712,0
4711,1
4710,0
4709,1
4708,1
4707,1
4706,0
4705,0
4704,1
4703,1
4702,0
4701,1
4700,0
4699,0
4698,1
4697,1
4696,1
4695,0
4694,1
4693,1
4692,1
4691,0
4690,1
4689,0
4688,0
4687,0
4686,1
4685,1
4684,0
4683,0
4682,1
4681,1
4680,1
4679,1
4678,1
4677,1
4676,1
4675,0
4674,0
4673,0
4672,1
4671,0
4670,0
4669,0
4668,1
4667,1
4666,1
4665,1
4664,1
4663,0
4662,0
4661,0
4660,1
4659,0
4658,1
4657,1
4656,1
4655,0
4654,1
4653,0
4652,0
4651,0
4650,0
4649,1
4648,0
4647,1
4646,1
4645,1
4644,1
4643,0
4642,1
4641,0
4640,1
4639,1
4638,0
4637,1
4636,0
4635,1
4634,0
4633,0
4632,1
4631,1
4630,0
4629,1
4628,0
4627,1
4626,0
4625,0
4624,1
4623,0
4622,0
4621,0
4620,1
4619,0
4618,1
4617,1
4616,1
4615,1
4614,0
4613,0
4612,1
4611,1
4610,0
4609,1
4608,0
4607,0
4606,0
4605,0
4604,1
4603,1
4602,0
4601,1
4600,1
4599,1
4598,1
4597,0
4596,1
4595,1
4594,0
4593,0
4592,1
4591,1
4590,0
4589,1
4588,1
4587,1
4586,0
4585,1
4584,0
4583,0
4582,1
4581,1
4580,0
4579,0
4578,0
4577,0
4576,0
4575,1
4574,1
4573,0
4572,1
4571,1
4570,1
4569,1
4568,1
4567,0
4566,0
4565,0
4564,0
4563,1
4562,1
4561,1
4560,0
4559,0
4558,0
4557,0
4556,1
4555,0
4554,0
4553,0
4552,0
4551,1
4550,1
4549,0
4548,1
4547,0
4546,1
4545,0
4544,1
4543,1
4542,1
4541,1
4540,0
4539,1
4538,0
4537,1
4536,0
4535,0
4534,1
4533,1
4532,0
4531,0
4530,0
4529,1
4528,0
4527,1
4526,0
4525,1
4524,1
4523,0
4522,1
4521,1
4520,1
4519,1
4518,0
4517,0
4516,0
4515,1
4514,0
4513,0
4512,0
4511,1
4510,0
4509,1
4508,0
4507,0
4506,0
4505,1
4504,0
4503,0
4502,0
4501,1
4500,1
4499,0
4498,1
4497,0
4496,0
4495,1
4494,0
4493,0
4492,1
4491,0
4490,1
4489,1
4488,0
4487,0
4486,1
4485,0
4484,1
4483,1
4482,0
4481,1
4480,1
4479,1
4478,1
4477,1
4476,1
4475,0
4474,1
4473,1
4472,0
4471,0
4470,0
4469,1
4468,0
4467,0
4466,0
4465,0
4464,1
4463,0
4462,1
4461,1
4460,1
4459,0
4458,0
4457,1
4456,0
4455,1
4454,0
4453,0
4452,1
4451,0
4450,0
4449,1
4448,0
4447,0
4446,0
4445,1
4444,1
4443,1
4442,1
4441,1
4440,0
4439,0
4438,1
4437,0
4436,1
4435,0
4434,1
4433,0
4432,1
4431,0
4430,0
4429,0
4428,1
4427,0
4426,0
4425,0
4424,0
4423,1
4422,0
4421,0
4420,0
4419,1
4418,1
4417,0
4416,1
4415,0
4414,1
4413,0
4412,1
4411,1
4410,1
4409,0
4408,1
4407,0
4406,1
4405,0
4404,0
4403,0
4402,0
4401,1
4400,1
4399,1
4398,1
4397,0
4396,1
4395,1
4394,0
4393,0
4392,0
4391,0
4390,0
4389,0
4388,1
4387,0
4386,0
4385,1
4384,0
4383,0
4382,0
4381,0
4380,0
4379,1
4378,0
4377,0
4376,0
4375,1
4374,1
4373,0
4372,1
4371,1
4370,0
4369,1
4368,1
4367,0
4366,1
4365,0
4364,1
4363,0
4362,0
4361,0
4360,1
4359,0
4358,1
4357,0
4356,0
4355,0
4354,1
4353,1
4352,0
4351,0
4350,1
4349,1
4348,1
4347,0
4346,1
4345,1
4344,0
4343,1
4342,0
4341,1
4340,0
4339,1
4338,1
4337,0
4336,1
4335,1
4334,0
4333,0
4332,0
4331,1
4330,1
4329,1
4328,0
4327,1
4326,0
4325,0
4324,1
4323,0
4322,0
4321,0
4320,0
4319,1
4318,1
4317,1
4316,1
4315,1
4314,1
4313,1
4312,0
4311,0
4310,0
4309,0
4308,1
4307,0
4306,1
4305,1
4304,1
4303,0
4302,1
4301,0
4300,1
4299,0
4298,1
4297,0
4296,0
4295,1
4294,0
4293,0
4292,0
4291,1
4290,0
4289,0
4288,0
4287,0
4286,1
4285,1
4284,0
4283,1
4282,0
4281,0
4280,1
4279,1
4278,1
4277,1
4276,0
4275,0
4274,1
4273,0
4272,1
4271,0
4270,0
4269,0
4268,1
4267,1
4266,1
4265,1
4264,0
4263,1
4262,0
4261,0
4260,0
4259,0
4258,1
4257,0
4256,0
4255,0
4254,1
4253,1
4252,1
4251,1
4250,1
4249,0
4248,0
4247,0
4246,0
4245,1
4244,0
4243,0
4242,0
4241,0
4240,1
4239,0
4238,0
4237,0
4236,0
4235,0
4234,1
4233,1
4232,1
4231,1
4230,1
4229,1
4228,0
4227,1
4226,0
4225,1
4224,0
4223,0
4222,0
4221,1
4220,1
4219,1
4218,0
4217,0
4216,1
4215,0
4214,0
4213,1
4212,1
4211,0
4210,1
4209,0
4208,1
4207,0
4206,1
4205,1
4204,0
4203,1
4202,1
4201,0
4200,0
4199,1
4198,1
4197,1
4196,0
4195,0
4194,0
4193,1
4192,0
4191,1
4190,1
4189,0
4188,1
4187,0
4186,0
4185,0
4184,1
4183,1
4182,0
4181,0
4180,1
4179,1
4178,0
4177,0
4176,0
4175,1
4174,0
4173,1
4172,1
4171,0
4170,1
4169,0
4168,0
4167,1
4166,0
4165,0
4164,1
4163,0
4162,1
4161,0
4160,0
4159,0
4158,0
4157,1
4156,0
4155,0
4154,0
4153,0
4152,0
4151,0
4150,1
4149,1
4148,1
4147,0
4146,0
4145,0
4144,0
4143,0
4142,1
4141,1
4140,0
4139,1
4138,1
4137,0
4136,0
4135,0
4134,1
4133,1
4132,0
4131,0
4130,0
4129,1
4128,1
4127,1
4126,1
4125,0
4124,0
4123,0
4122,1
4121,1
4120,0
4119,1
4118,1
4117,0
4116,0
4115,1
4114,1
4113,0
4112,0
4111,0
4110,0
4109,0
4108,1
4107,0
4106,1
4105,1
4104,0
4103,1
4102,0
4101,1
4100,1
4099,1
4098,1
4097,1
4096,0
4095,0
4094,1
4093,0
4092,1
4091,0
4090,0
4089,0
4088,1
4087,1
4086,1
4085,1
4084,0
4083,1
4082,0
4081,0
4080,0
4079,0
4078,0
4077,1
4076,0
4075,0
4074,1
4073,0
4072,0
4071,0
4070,1
4069,0
4068,1
4067,0
4066,1
4065,1
4064,0
4063,1
4062,1
4061,0
4060,0
4059,0
4058,1
4057,0
4056,1
4055,1
4054,1
4053,1
4052,1
4051,0
4050,0
4049,0
4048,0
4047,1
4046,1
4045,1
4044,0
4043,1
4042,0
4041,0
4040,1
4039,1
4038,0
4037,1
4036,1
4035,0
4034,0
4033,1
4032,0
4031,0
4030,1
4029,1
4028,0
4027,0
4026,0
4025,0
4024,1
4023,0
4022,1
4021,0
4020,1
4019,0
4018,1
4017,1
4016,1
4015,1
4014,0
4013,0
4012,1
4011,0
4010,0
4009,1
4008,1
4007,0
4006,1
4005,0
4004,0
4003,0
4002,0
4001,1
4000,1
3999,0
3998,1
3997,0
3996,1
3995,0
3994,0
3993,1
3992,1
3991,1
3990,1
3989,1
3988,0
3987,0
3986,1
3985,1
3984,1
3983,1
3982,0
3981,1
3980,0
3979,1
3978,0
3977,0
3976,0
3975,0
3974,0
3973,0
3972,0
3971,1
3970,1
3969,0
3968,1
3967,1
3966,1
3965,1
3964,0
3963,1
3962,0
3961,0
3960,0
3959,1
3958,1
3957,0
3956,1
3955,1
3954,1
3953,0
3952,0
3951,1
3950,1
3949,1
3948,0
3947,1
3946,1
3945,0
3944,0
3943,0
3942,0
3941,0
3940,0
3939,0
3938,1
3937,1
3936,1
3935,1
3934,0
3933,0
3932,1
3931,1
3930,0
3929,0
3928,0
3927,0
3926,1
3925,1
3924,1
3923,1
3922,0
3921,0
3920,0
3919,0
3918,0
3917,1
3916,1
3915,1
3914,0
3913,0
3912,0
3911,0
3910,1
3909,1
3908,1
3907,0
3906,0
3905,0
3904,1
3903,0
3902,1
3901,1
3900,1
3899,0
3898,0
3897,0
3896,0
3895,1
3894,0
3893,1
3892,0
3891,0
3890,1
3889,0
3888,1
3887,0
3886,1
3885,1
3884,1
3883,0
3882,1
3881,1
3880,1
3879,0
3878,0
3877,0
3876,0
3875,0
3874,1
3873,0
3872,1
3871,0
3870,0
3869,0
3868,0
3867,1
3866,1
3865,1
3864,0
3863,0
3862,1
3861,0
3860,0
3859,0
3858,1
3857,1
3856,0
3855,0
3854,0
3853,0
3852,1
3851,1
3850,0
3849,1
3848,1
3847,0
3846,0
3845,1
3844,1
3843,0
3842,1
3841,1
3840,0
3839,0
3838,0
3837,1
3836,0
3835,1
3834,0
3833,0
3832,1
3831,1
3830,1
3829,0
3828,0
3827,1
3826,0
3825,0
3824,1
3823,0
3822,1
3821,1
3820,1
3819,0
3818,1
3817,1
3816,1
3815,1
3814,1
3813,1
3812,1
3811,0
3810,1
3809,1
3808,0
3807,0
3806,0
3805,0
3804,0
3803,1
3802,1
3801,1
3800,1
3799,0
3798,1
3797,0
3796,0
3795,0
3794,1
3793,0
3792,0
3791,0
3790,0
3789,1
3788,1
3787,0
3786,0
3785,1
3784,1
3783,0
3782,0
3781,0
3780,1
3779,0
3778,0
3777,1
3776,0
3775,0
3774,1
3773,1
3772,1
3771,1
3770,0
3769,1
3768,0
3767,0
3766,1
3765,1
3764,0
3763,0
3762,0
3761,0
3760,1
3759,1
3758,0
3757,0
3756,1
3755,1
3754,0
3753,1
3752,0
3751,1
3750,1
3749,0
3748,1
3747,0
3746,1
3745,1
3744,1
3743,1
3742,1
3741,0
3740,1
3739,0
3738,0
3737,0
3736,0
3735,0
3734,1
3733,0
3732,0
3731,0
3730,0
3729,0
3728,1
3727,0
3726,0
3725,1
3724,1
3723,0
3722,1
3721,0
3720,1
3719,1
3718,0
3717,0
3716,0
3715,0
3714,1
3713,0
3712,0
3711,0
3710,1
3709,0
3708,1
3707,0
3706,0
3705,0
3704,0
3703,0
3702,0
3701,1
3700,1
3699,0
3698,1
3697,0
3696,1
3695,1
3694,1
3693,0
3692,0
3691,1
3690,0
3689,1
3688,1
3687,0
3686,0
3685,0
3684,0
3683,0
3682,1
3681,1
3680,1
3679,0
3678,0
3677,1
3676,1
3675,1
3674,0
3673,1
3672,1
3671,0
3670,1
3669,0
3668,1
3667,0
3666,0
3665,0
3664,1
3663,0
3662,1
3661,1
3660,0
3659,0
3658,1
3657,1
3656,0
3655,1
3654,1
3653,0
3652,0
3651,0
3650,0
3649,0
3648,1
3647,1
3646,1
3645,1
3644,0
3643,1
3642,1
3641,0
3640,0
3639,0
3638,1
3637,0
3636,1
3635,1
3634,0
3633,0
3632,1
3631,1
3630,0
3629,0
3628,0
3627,1
3626,0
3625,0
3624,0
3623,1
3622,0
3621,0
3620,1
3619,0
3618,1
3617,0
3616,0
3615,0
3614,1
3613,0
3612,0
3611,0
3610,1
3609,1
3608,1
3607,0
3606,1
3605,0
3604,0
3603,0
3602,0
3601,0
3600,0
3599,0
3598,0
3597,1
3596,1
3595,1
3594,1
3593,1
3592,1
3591,1
3590,0
3589,0
3588,1
3587,0
3586,1
3585,0
3584,1
3583,1
3582,0
3581,0
3580,1
3579,1
3578,0
3577,1
3576,1
3575,1
3574,0
3573,1
3572,0
3571,0
3570,0
3569,0
3568,1
3567,0
3566,1
3565,0
3564,1
3563,1
3562,0
3561,0
3560,0
3559,1
3558,0
3557,1
3556,1
3555,0
3554,1
3553,1
3552,0
3551,1
3550,1
3549,0
3548,1
3547,1
3546,1
3545,1
3544,1
3543,1
3542,0
3541,1
3540,0
3539,0
3538,0
3537,0
3536,1
3535,1
3534,0
3533,1
3532,0
3531,1
3530,1
3529,1
3528,0
3527,1
3526,0
3525,1
3524,1
3523,0
3522,1
3521,1
3520,1
3519,1
3518,1
3517,1
3516,0
3515,0
3514,1
3513,1
3512,1
3511,1
3510,1
3509,1
3508,0
3507,1
3506,1
3505,1
3504,0
3503,0
3502,0
3501,1
3500,0
3499,1
3498,1
3497,0
3496,1
3495,1
3494,1
3493,1
3492,0
3491,0
3490,1
3489,1
3488,0
3487,0
3486,0
3485,1
3484,1
3483,1
3482,0
3481,0
3480,1
3479,1
3478,1
3477,1
3476,1
3475,0
3474,1
3473,1
3472,1
3471,1
3470,0
3469,0
3468,1
3467,0
3466,0
3465,1
3464,1
3463,1
3462,1
3461,1
3460,1
3459,0
3458,1
3457,0
3456,1
3455,0
3454,0
3453,1
3452,1
3451,0
3450,1
3449,1
3448,1
3447,0
3446,0
3445,1
3444,1
3443,0
3442,1
3441,0
3440,1
3439,1
3438,0
3437,1
3436,0
3435,0
3434,1
3433,0
3432,0
3431,0
3430,0
3429,1
3428,1
3427,0
3426,1
3425,1
3424,1
3423,1
3422,0
3421,0
3420,0
3419,0
3418,0
3417,0
3416,0
3415,0
3414,1
3413,1
3412,1
3411,1
3410,0
3409,0
3408,1
3407,0
3406,1
3405,1
3404,0
3403,0
3402,1
3401,0
3400,0
3399,0
3398,1
3397,0
3396,0
3395,1
3394,0
3393,0
3392,0
3391,0
3390,1
3389,1
3388,1
3387,1
3386,1
3385,1
3384,0
3383,0
3382,1
3381,0
3380,0
3379,1
3378,1
3377,0
3376,0
3375,1
3374,1
3373,1
3372,1
3371,1
3370,0
3369,0
3368,0
3367,0
3366,0
3365,1
3364,1
3363,0
3362,0
3361,1
3360,0
3359,1
3358,1
3357,1
3356,0
3355,0
3354,1
3353,0
3352,0
3351,0
3350,1
3349,1
3348,0
3347,0
3346,1
3345,1
3344,1
3343,1
3342,0
3341,0
3340,1
3339,0
3338,1
3337,0
3336,1
3335,0
3334,1
3333,1
3332,1
3331,0
3330,1
3329,0
3328,1
3327,1
3326,0
3325,0
3324,0
3323,0
3322,0
3321,1
3320,1
3319,0
3318,0
3317,0
3316,0
3315,1
3314,1
3313,1
3312,0
3311,1
3310,0
3309,0
3308,0
3307,1
3306,0
3305,1
3304,1
3303,1
3302,0
3301,1
3300,1
3299,0
3298,0
3297,0
3296,0
3295,0
3294,1
3293,0
3292,0
3291,1
3290,0
3289,0
3288,0
3287,1
3286,0
3285,0
3284,0
3283,0
3282,1
3281,0
3280,0
3279,0
3278,1
3277,1
3276,1
3275,1
3274,1
3273,1
3272,1
3271,1
3270,1
3269,1
3268,1
3267,0
3266,0
3265,1
3264,1
3263,0
3262,0
3261,1
3260,1
3259,1
3258,0
3257,0
3256,1
3255,0
3254,0
3253,1
3252,0
3251,1
3250,1
3249,1
3248,0
3247,0
3246,1
3245,0
3244,1
3243,0
3242,0
3241,0
3240,1
3239,0
3238,0
3237,0
3236,1
3235,1
3234,1
3233,0
3232,1
3231,0
3230,1
3229,1
3228,0
3227,1
3226,1
3225,0
3224,1
3223,0
3222,0
3221,1
3220,1
3219,1
3218,1
3217,1
3216,0
3215,1
3214,0
3213,0
3212,1
3211,1
3210,0
3209,1
3208,0
3207,0
3206,0
3205,1
3204,0
3203,0
3202,1
3201,1
3200,1
3199,1
3198,0
3197,0
3196,0
3195,1
3194,1
3193,1
3192,0
3191,0
3190,1
3189,1
3188,1
3187,0
3186,1
3185,1
3184,1
3183,0
3182,1
3181,1
3180,0
3179,1
3178,1
3177,1
3176,1
3175,0
3174,0
3173,0
3172,1
3171,0
3170,1
3169,1
3168,1
3167,0
3166,0
3165,1
3164,0
3163,1
3162,0
3161,0
3160,0
3159,0
3158,1
3157,0
3156,0
3155,0
3154,0
3153,1
3152,0
3151,0
3150,0
3149,1
3148,1
3147,1
3146,1
3145,1
3144,0
3143,0
3142,1
3141,0
3140,0
3139,1
3138,1
3137,1
3136,0
3135,1
3134,1
3133,1
3132,0
3131,1
3130,1
3129,0
3128,0
3127,0
3126,0
3125,0
3124,0
3123,1
3122,0
3121,0
3120,0
3119,0
3118,0
3117,1
3116,1
3115,0
3114,0
3113,0
3112,0
3111,1
3110,1
3109,0
3108,1
3107,0
3106,0
3105,0
3104,0
3103,1
3102,0
3101,0
3100,0
3099,1
3098,0
3097,1
3096,1
3095,0
3094,0
3093,1
3092,1
3091,1
3090,0
3089,1
3088,1
3087,0
3086,0
3085,1
3084,0
3083,0
3082,1
3081,1
3080,0
3079,1
3078,0
3077,1
3076,0
3075,1
3074,1
3073,0
3072,0
3071,1
3070,1
3069,1
3068,0
3067,1
3066,1
3065,1
3064,0
3063,0
3062,0
3061,0
3060,0
3059,0
3058,0
3057,0
3056,0
3055,0
3054,0
3053,1
3052,0
3051,0
3050,0
3049,0
3048,0
3047,1
3046,0
3045,1
3044,1
3043,1
3042,0
3041,1
3040,1
3039,1
3038,1
3037,0
3036,0
3035,0
3034,1
3033,0
3032,1
3031,1
3030,0
3029,1
3028,0
3027,1
3026,1
3025,0
3024,1
3023,0
3022,1
3021,0
3020,0
3019,1
3018,0
3017,0
3016,0
3015,0
3014,1
3013,0
3012,0
3011,1
3010,1
3009,0
3008,1
3007,0
3006,1
3005,1
3004,0
3003,0
3002,0
3001,1
3000,0
2999,0
2998,1
2997,0
2996,1
2995,1
2994,0
2993,1
2992,0
2991,1
2990,0
2989,1
2988,0
2987,1
2986,0
2985,0
2984,0
2983,1
2982,0
2981,0
2980,1
2979,1
2978,0
2977,0
2976,1
2975,1
2974,0
2973,1
2972,0
2971,1
2970,0
2969,0
2968,1
2967,1
2966,0
2965,1
2964,0
2963,0
2962,0
2961,1
2960,1
2959,0
2958,1
2957,1
2956,0
2955,1
2954,1
2953,0
2952,0
2951,1
2950,0
2949,1
2948,1
2947,0
2946,0
2945,0
2944,0
2943,0
2942,1
2941,0
2940,1
2939,0
2938,1
2937,0
2936,0
2935,0
2934,0
2933,0
2932,0
2931,0
2930,1
2929,1
2928,0
2927,1
2926,0
2925,0
2924,1
2923,0
2922,1
2921,0
2920,0
2919,1
2918,1
2917,1
2916,0
2915,1
2914,0
2913,0
2912,1
2911,1
2910,1
2909,0
2908,0
2907,1
2906,1
2905,0
2904,1
2903,0
2902,0
2901,0
2900,1
2899,1
2898,1
2897,1
2896,1
2895,1
2894,0
2893,0
2892,1
2891,1
2890,1
2889,1
2888,0
2887,0
2886,1
2885,1
2884,0
2883,0
2882,0
2881,0
2880,0
2879,0
2878,0
2877,1
2876,1
2875,0
2874,1
2873,0
2872,1
2871,0
2870,1
2869,1
2868,1
2867,0
2866,1
2865,0
2864,0
2863,0
2862,0
2861,1
2860,0
2859,0
2858,1
2857,1
2856,0
2855,0
2854,0
2853,0
2852,0
2851,1
2850,1
2849,0
2848,1
2847,0
2846,0
2845,0
2844,0
2843,0
2842,1
2841,0
2840,0
2839,1
2838,1
2837,1
2836,0
2835,0
2834,1
2833,1
2832,1
2831,0
2830,0
2829,1
2828,1
2827,1
2826,1
2825,0
2824,1
2823,0
2822,1
2821,1
2820,1
2819,0
2818,0
2817,1
2816,0
2815,1
2814,0
2813,1
2812,1
2811,1
2810,0
2809,0
2808,0
2807,0
2806,0
2805,0
2804,0
2803,0
2802,1
2801,0
2800,0
2799,1
2798,1
2797,0
2796,1
2795,1
2794,1
2793,0
2792,1
2791,1
2790,1
2789,1
2788,0
2787,0
2786,0
2785,0
2784,0
2783,1
2782,0
2781,1
2780,0
2779,0
2778,0
2777,0
2776,0
2775,0
2774,0
2773,0
2772,1
2771,1
2770,1
2769,1
2768,0
2767,0
2766,0
2765,0
2764,1
2763,1
2762,1
2761,0
2760,0
2759,1
2758,0
2757,1
2756,0
2755,0
2754,0
2753,0
2752,0
2751,0
2750,1
2749,0
2748,0
2747,1
2746,1
2745,1
2744,1
2743,0
2742,0
2741,0
2740,1
2739,1
2738,0
2737,0
2736,1
2735,1
2734,1
2733,0
2732,1
2731,0
2730,1
2729,0
2728,0
2727,1
2726,0
2725,1
2724,0
2723,0
2722,1
2721,0
2720,1
2719,0
2718,0
2717,0
2716,0
2715,0
2714,0
2713,1
2712,0
2711,0
2710,1
2709,0
2708,1
2707,1
2706,1
2705,0
2704,0
2703,1
2702,0
2701,1
2700,1
2699,0
2698,0
2697,0
2696,0
2695,1
2694,0
2693,0
2692,1
2691,0
2690,1
2689,1
2688,1
2687,0
2686,1
2685,0
2684,0
2683,1
2682,0
2681,1
2680,1
2679,1
2678,0
2677,1
2676,0
2675,0
2674,1
2673,1
2672,1
2671,1
2670,0
2669,1
2668,0
2667,1
2666,1
2665,1
2664,0
2663,1
2662,1
2661,1
2660,0
2659,0
2658,1
2657,0
2656,0
2655,0
2654,1
2653,0
2652,1
2651,1
2650,1
2649,0
2648,0
2647,0
2646,0
2645,0
2644,1
2643,1
2642,0
2641,1
2640,1
2639,0
2638,1
2637,0
2636,0
2635,0
2634,1
2633,0
2632,0
2631,0
2630,0
2629,1
2628,0
2627,1
2626,0
2625,1
2624,0
2623,1
2622,0
2621,0
2620,0
2619,0
2618,1
2617,1
2616,0
2615,1
2614,1
2613,1
2612,0
2611,0
2610,0
2609,1
2608,1
2607,0
2606,1
2605,1
2604,1
2603,0
2602,1
2601,1
2600,1
2599,1
2598,1
2597,0
2596,1
2595,0
2594,1
2593,1
2592,0
2591,1
2590,1
2589,0
2588,1
2587,1
2586,1
2585,1
2584,1
2583,0
2582,0
2581,0
2580,1
2579,1
2578,1
2577,1
2576,0
2575,0
2574,0
2573,1
2572,0
2571,1
2570,0
2569,0
2568,0
2567,1
2566,0
2565,0
2564,1
2563,1
2562,1
2561,1
2560,1
2559,0
2558,0
2557,1
2556,1
2555,0
2554,0
2553,1
2552,0
2551,1
2550,1
2549,1
2548,1
2547,0
2546,0
2545,0
2544,1
2543,1
2542,0
2541,0
2540,0
2539,1
2538,1
2537,1
2536,0
2535,1
2534,1
2533,1
2532,1
2531,0
2530,0
2529,1
2528,0
2527,0
2526,1
2525,0
2524,0
2523,1
2522,1
2521,0
2520,1
2519,1
2518,0
2517,1
2516,1
2515,0
2514,1
2513,1
2512,1
2511,1
2510,1
2509,1
2508,1
2507,0
2506,0
2505,0
2504,1
2503,1
2502,0
2501,0
2500,1
2499,1
2498,0
2497,0
2496,0
2495,1
2494,1
2493,1
2492,0
2491,0
2490,1
2489,0
2488,1
2487,1
2486,0
2485,0
2484,0
2483,1
2482,1
2481,0
2480,0
2479,0
2478,1
2477,0
2476,0
2475,0
2474,1
2473,0
2472,0
2471,0
2470,1
2469,0
2468,0
2467,1
2466,1
2465,0
2464,0
2463,0
2462,0
2461,1
2460,1
2459,1
2458,1
2457,0
2456,0
2455,0
2454,1
2453,0
2452,1
2451,0
2450,1
2449,0
2448,0
2447,0
2446,0
2445,1
2444,0
2443,1
2442,0
2441,0
2440,1
2439,0
2438,0
2437,0
2436,1
2435,0
2434,1
2433,1
2432,1
2431,1
2430,0
2429,1
2428,0
2427,1
2426,1
2425,1
2424,0
2423,1
2422,0
2421,0
2420,1
2419,1
2418,0
2417,1
2416,1
2415,0
2414,0
2413,0
2412,1
2411,1
2410,1
2409,0
2408,0
2407,0
2406,1
2405,0
2404,1
2403,0
2402,0
2401,0
2400,1
2399,1
2398,0
2397,1
2396,1
2395,1
2394,1
2393,1
2392,1
2391,0
2390,1
2389,1
2388,1
2387,1
2386,1
2385,1
2384,0
2383,1
2382,1
2381,0
2380,1
2379,0
2378,1
2377,0
2376,1
2375,0
2374,0
2373,0
2372,1
2371,0
2370,0
2369,1
2368,1
2367,0
2366,0
2365,1
2364,1
2363,0
2362,1
2361,0
2360,1
2359,0
2358,1
2357,0
2356,0
2355,0
2354,0
2353,0
2352,0
2351,1
2350,0
2349,1
2348,1
2347,1
2346,0
2345,1
2344,1
2343,1
2342,0
2341,1
2340,1
2339,0
2338,0
2337,1
2336,0
2335,0
2334,0
2333,0
2332,1
2331,1
2330,1
2329,0
2328,0
2327,0
2326,0
2325,0
2324,0
2323,1
2322,1
2321,0
2320,1
2319,0
2318,0
2317,0
2316,0
2315,1
2314,0
2313,1
2312,1
2311,0
2310,1
2309,0
2308,1
2307,1
2306,0
2305,1
2304,0
2303,0
2302,0
2301,0
2300,1
2299,0
2298,0
2297,1
2296,0
2295,1
2294,0
2293,1
2292,1
2291,0
2290,0
2289,0
2288,1
2287,1
2286,0
2285,1
2284,1
2283,1
2282,1
2281,0
2280,0
2279,1
2278,1
2277,0
2276,1
2275,0
2274,0
2273,0
2272,1
2271,1
2270,1
2269,0
2268,1
2267,0
2266,1
2265,0
2264,1
2263,1
2262,0
2261,1
2260,0
2259,0
2258,0
2257,0
2256,1
2255,0
2254,1
2253,1
2252,0
2251,1
2250,1
2249,1
2248,0
2247,1
2246,0
2245,0
2244,0
2243,1
2242,1
2241,0
2240,0
2239,1
2238,0
2237,1
2236,0
2235,0
2234,1
2233,1
2232,1
2231,1
2230,0
2229,1
2228,0
2227,0
2226,0
2225,1
2224,1
2223,1
2222,0
2221,1
2220,0
2219,1
2218,1
2217,0
2216,1
2215,0
2214,1
2213,0
2212,1
2211,1
2210,1
2209,1
2208,0
2207,0
2206,1
2205,1
2204,1
2203,1
2202,1
2201,0
2200,1
2199,1
2198,0
2197,0
2196,0
2195,1
2194,1
2193,1
2192,1
2191,0
2190,1
2189,1
2188,1
2187,0
2186,0
2185,0
2184,1
2183,1
2182,1
2181,1
2180,1
2179,1
2178,0
2177,1
2176,1
2175,1
2174,1
2173,0
2172,0
2171,0
2170,0
2169,0
2168,0
2167,0
2166,1
2165,0
2164,1
2163,0
2162,1
2161,1
2160,1
2159,0
2158,0
2157,1
2156,1
2155,1
2154,0
2153,1
2152,0
2151,1
2150,0
2149,1
2148,0
2147,1
2146,0
2145,1
2144,1
2143,0
2142,0
2141,1
2140,1
2139,1
2138,0
2137,1
2136,0
2135,0
2134,1
2133,0
2132,1
2131,1
2130,1
2129,1
2128,0
2127,1
2126,0
2125,1
2124,1
2123,0
2122,0
2121,1
2120,0
2119,0
2118,1
2117,0
2116,1
2115,1
2114,0
2113,1
2112,0
2111,1
2110,1
2109,0
2108,1
2107,1
2106,1
2105,0
2104,0
2103,1
2102,0
2101,0
2100,0
2099,1
2098,0
2097,0
2096,0
2095,0
2094,1
2093,1
2092,1
2091,1
2090,1
2089,0
2088,1
2087,0
2086,0
2085,0
2084,0
2083,1
2082,1
2081,1
2080,0
2079,0
2078,0
2077,0
2076,1
2075,0
2074,1
2073,1
2072,1
2071,0
2070,0
2069,1
2068,1
2067,0
2066,1
2065,0
2064,1
2063,1
2062,0
2061,1
2060,1
2059,1
2058,1
2057,0
2056,0
2055,1
2054,0
2053,1
2052,1
2051,1
2050,1
2049,1
2048,0
2047,1
2046,1
2045,1
2044,1
2043,1
2042,1
2041,0
2040,1
2039,1
2038,1
2037,1
2036,1
2035,1
2034,1
2033,1
2032,0
2031,0
2030,0
2029,1
2028,1
2027,0
2026,0
2025,0
2024,1
2023,0
2022,0
2021,0
2020,0
2019,0
2018,0
2017,0
2016,0
2015,0
2014,0
2013,0
2012,1
2011,0
2010,1
2009,1
2008,1
2007,0
2006,0
2005,1
2004,0
2003,1
2002,0
2001,0
2000,0
1999,1
1998,1
1997,0
1996,0
1995,1
1994,1
1993,0
1992,1
1991,1
1990,0
1989,1
1988,1
1987,1
1986,1
1985,0
1984,1
1983,1
1982,0
1981,1
1980,1
1979,0
1978,1
1977,0
1976,1
1975,0
1974,1
1973,1
1972,1
1971,0
1970,1
1969,1
1968,0
1967,1
1966,1
1965,0
1964,1
1963,0
1962,0
1961,1
1960,1
1959,0
1958,0
1957,0
1956,0
1955,1
1954,0
1953,1
1952,1
1951,1
1950,1
1949,1
1948,1
1947,1
1946,1
1945,0
1944,0
1943,1
1942,1
1941,0
1940,1
1939,1
1938,1
1937,1
1936,1
1935,0
1934,0
1933,1
1932,1
1931,0
1930,1
1929,1
1928,1
1927,0
1926,0
1925,0
1924,0
1923,1
1922,1
1921,0
1920,1
1919,0
1918,0
1917,1
1916,1
1915,0
1914,1
1913,0
1912,1
1911,0
1910,0
1909,1
1908,1
1907,1
1906,0
1905,1
1904,1
1903,1
1902,0
1901,0
1900,1
1899,0
1898,1
1897,1
1896,1
1895,1
1894,1
1893,0
1892,1
1891,1
1890,1
1889,1
1888,0
1887,1
1886,0
1885,1
1884,0
1883,0
1882,0
1881,1
1880,1
1879,0
1878,0
1877,0
1876,0
1875,0
1874,1
1873,1
1872,1
1871,1
1870,1
1869,0
1868,1
1867,1
1866,0
1865,1
1864,0
1863,1
1862,1
1861,0
1860,0
1859,0
1858,1
1857,1
1856,0
1855,0
1854,1
1853,1
1852,1
1851,0
1850,1
1849,1
1848,0
1847,0
1846,1
1845,0
1844,1
1843,1
1842,0
1841,0
1840,1
1839,0
1838,1
1837,1
1836,1
1835,0
1834,1
1833,1
1832,0
1831,1
1830,1
1829,0
1828,1
1827,1
1826,1
1825,0
1824,0
1823,1
1822,0
1821,0
1820,0
1819,0
1818,0
1817,0
1816,1
1815,1
1814,1
1813,1
1812,1
1811,1
1810,1
1809,0
1808,0
1807,1
1806,0
1805,1
1804,0
1803,1
1802,0
1801,0
1800,1
1799,1
1798,1
1797,1
1796,1
1795,0
1794,1
1793,0
1792,1
1791,1
1790,0
1789,0
1788,1
1787,1
1786,1
1785,1
1784,0
1783,0
1782,0
1781,0
1780,1
1779,0
1778,1
1777,1
1776,0
1775,0
1774,0
1773,0
1772,1
1771,0
1770,1
1769,0
1768,1
1767,0
1766,1
1765,0
1764,1
1763,1
1762,1
1761,1
1760,0
1759,0
1758,1
1757,1
1756,0
1755,1
1754,1
1753,1
1752,1
1751,1
1750,1
1749,1
1748,0
1747,1
1746,1
1745,0
1744,0
1743,0
1742,0
1741,1
1740,1
1739,0
1738,0
1737,0
1736,0
1735,1
1734,0
1733,0
1732,1
1731,0
1730,0
1729,1
1728,0
1727,0
1726,0
1725,1
1724,1
1723,0
1722,0
1721,1
1720,1
1719,1
1718,0
1717,1
1716,1
1715,0
1714,1
1713,0
1712,1
1711,1
1710,1
1709,0
1708,1
1707,0
1706,1
1705,0
1704,0
1703,1
1702,1
1701,1
1700,0
1699,0
1698,0
1697,1
1696,1
1695,0
1694,0
1693,1
1692,1
1691,0
1690,0
1689,0
1688,1
1687,1
1686,0
1685,0
1684,0
1683,1
1682,1
1681,0
1680,0
1679,0
1678,0
1677,0
1676,0
1675,0
1674,1
1673,0
1672,1
1671,0
1670,0
1669,0
1668,1
1667,1
1666,0
1665,1
1664,0
1663,1
1662,0
1661,0
1660,1
1659,1
1658,0
1657,1
1656,0
1655,0
1654,1
1653,0
1652,0
1651,0
1650,1
1649,0
1648,1
1647,0
1646,0
1645,0
1644,1
1643,0
1642,1
1641,0
1640,0
1639,1
1638,1
1637,0
1636,1
1635,0
1634,0
1633,0
1632,0
1631,1
1630,1
1629,1
1628,0
1627,1
1626,1
1625,0
1624,1
1623,1
1622,1
1621,1
1620,1
1619,0
1618,1
1617,0
1616,0
1615,0
1614,0
1613,1
1612,1
1611,0
1610,0
1609,1
1608,1
1607,0
1606,0
1605,0
1604,1
1603,1
1602,1
1601,1
1600,1
1599,1
1598,1
1597,1
1596,0
1595,1
1594,0
1593,0
1592,1
1591,0
1590,1
1589,1
1588,1
1587,1
1586,1
1585,0
1584,0
1583,0
1582,1
1581,0
1580,1
1579,0
1578,1
1577,0
1576,1
1575,1
1574,0
1573,1
1572,1
1571,0
1570,1
1569,1
1568,1
1567,1
1566,1
1565,1
1564,0
1563,1
1562,0
1561,1
1560,0
1559,0
1558,1
1557,1
1556,1
1555,0
1554,1
1553,0
1552,0
1551,0
1550,1
1549,0
1548,1
1547,0
1546,0
1545,1
1544,1
1543,1
1542,1
1541,1
1540,1
1539,0
1538,0
1537,1
1536,1
1535,1
1534,1
1533,0
1532,0
1531,0
1530,0
1529,1
1528,0
1527,0
1526,1
1525,0
1524,0
1523,0
1522,0
1521,0
1520,0
1519,1
1518,0
1517,0
1516,0
1515,1
1514,0
1513,1
1512,1
1511,0
1510,0
1509,0
1508,0
1507,0
1506,1
1505,0
1504,1
1503,1
1502,1
1501,1
1500,1
1499,0
1498,0
1497,1
1496,1
1495,0
1494,0
1493,0
1492,0
1491,0
1490,0
1489,0
1488,0
1487,0
1486,1
1485,0
1484,1
1483,1
1482,1
1481,1
1480,0
1479,1
1478,0
1477,0
1476,1
1475,1
1474,1
1473,0
1472,0
1471,0
1470,0
1469,0
1468,1
1467,1
1466,0
1465,0
1464,0
1463,0
1462,1
1461,0
1460,0
1459,0
1458,0
1457,1
1456,0
1455,1
1454,1
1453,0
1452,1
1451,0
1450,1
1449,1
1448,0
1447,1
1446,0
1445,0
1444,0
1443,0
1442,1
1441,1
1440,0
1439,1
1438,1
1437,1
1436,1
1435,1
1434,0
1433,1
1432,0
1431,0
1430,0
1429,1
1428,0
1427,1
1426,0
1425,1
1424,1
1423,1
1422,0
1421,1
1420,1
1419,0
1418,0
1417,1
1416,0
1415,0
1414,0
1413,0
1412,1
1411,0
1410,0
1409,0
1408,1
1407,0
1406,1
1405,0
1404,1
1403,1
1402,1
1401,0
1400,1
1399,1
1398,1
1397,0
1396,1
1395,1
1394,1
1393,0
1392,1
1391,1
1390,1
1389,1
1388,0
1387,0
1386,0
1385,1
1384,1
1383,1
1382,0
1381,0
1380,0
1379,0
1378,0
1377,1
1376,0
1375,0
1374,1
1373,0
1372,0
1371,0
1370,0
1369,1
1368,0
1367,0
1366,1
1365,0
1364,0
1363,0
1362,1
1361,0
1360,1
1359,0
1358,0
1357,0
1356,1
1355,0
1354,1
1353,0
1352,0
1351,0
1350,1
1349,1
1348,1
1347,0
1346,0
1345,1
1344,1
1343,0
1342,1
1341,0
1340,1
1339,1
1338,1
1337,1
1336,0
1335,0
1334,0
1333,1
1332,0
1331,0
1330,1
1329,0
1328,0
1327,0
1326,0
1325,0
1324,0
1323,0
1322,0
1321,1
1320,0
1319,1
1318,0
1317,1
1316,0
1315,0
1314,1
1313,0
1312,0
1311,0
1310,1
1309,1
1308,0
1307,0
1306,0
1305,1
1304,0
1303,0
1302,1
1301,0
1300,1
1299,1
1298,0
1297,1
1296,0
1295,0
1294,0
1293,1
1292,0
1291,0
1290,0
1289,0
1288,0
1287,1
1286,0
1285,1
1284,0
1283,0
1282,0
1281,0
1280,1
1279,1
1278,0
1277,1
1276,1
1275,0
1274,0
1273,0
1272,1
1271,1
1270,0
1269,1
1268,0
1267,1
1266,0
1265,1
1264,0
1263,0
1262,1
1261,1
1260,0
1259,1
1258,0
1257,1
1256,0
1255,0
1254,1
1253,0
1252,0
1251,1
1250,0
1249,0
1248,0
1247,0
1246,1
1245,0
1244,0
1243,1
1242,0
1241,0
1240,0
1239,0
1238,0
1237,0
1236,0
1235,1
1234,1
1233,1
1232,0
1231,0
1230,0
1229,0
1228,1
1227,1
1226,0
1225,1
1224,0
1223,1
1222,0
1221,1
1220,0
1219,1
1218,0
1217,0
1216,0
1215,1
1214,0
1213,0
1212,0
1211,0
1210,0
1209,0
1208,1
1207,0
1206,0
1205,0
1204,0
1203,0
1202,0
1201,1
1200,0
1199,1
1198,1
1197,1
1196,1
1195,0
1194,0
1193,1
1192,0
1191,1
1190,1
1189,0
1188,1
1187,1
1186,1
1185,1
1184,0
1183,1
1182,1
1181,1
1180,0
1179,1
1178,1
1177,0
1176,0
1175,1
1174,0
1173,0
1172,0
1171,1
1170,1
1169,1
1168,1
1167,0
1166,0
1165,0
1164,0
1163,1
1162,1
1161,0
1160,0
1159,0
1158,0
1157,0
1156,1
1155,1
1154,1
1153,0
1152,0
1151,1
1150,0
1149,0
1148,0
1147,1
1146,1
1145,1
1144,0
1143,1
1142,1
1141,0
1140,0
1139,0
1138,0
1137,0
1136,1
1135,1
1134,1
1133,1
1132,1
1131,1
1130,1
1129,1
1128,1
1127,0
1126,0
1125,0
1124,1
1123,0
1122,0
1121,1
1120,0
1119,0
1118,0
1117,1
1116,1
1115,1
1114,0
1113,0
1112,0
1111,1
1110,0
1109,0
1108,1
1107,1
1106,0
1105,0
1104,0
1103,0
1102,0
1101,0
1100,0
1099,1
1098,1
1097,1
1096,0
1095,0
1094,1
1093,0
1092,1
1091,1
1090,0
1089,0
1088,0
1087,1
1086,1
1085,1
1084,1
1083,0
1082,0
1081,0
1080,1
1079,1
1078,1
1077,0
1076,1
1075,1
1074,0
1073,1
1072,0
1071,0
1070,0
1069,1
1068,0
1067,0
1066,0
1065,1
1064,0
1063,1
1062,1
1061,1
1060,0
1059,0
1058,1
1057,0
1056,0
1055,1
1054,1
1053,0
1052,1
1051,0
1050,1
1049,0
1048,1
1047,0
1046,1
1045,0
1044,0
1043,0
1042,0
1041,0
1040,0
1039,1
1038,1
1037,0
1036,0
1035,1
1034,1
1033,0
1032,0
1031,1
1030,0
1029,0
1028,1
1027,1
1026,0
1025,0
1024,0
1023,1
1022,1
1021,1
1020,0
1019,0
1018,1
1017,0
1016,0
1015,1
1014,0
1013,1
1012,0
1011,0
1010,1
1009,1
1008,1
1007,1
1006,0
1005,0
1004,0
1003,1
1002,1
1001,1
1000,0
999,0
998,0
997,1
996,1
995,1
994,1
993,1
992,0
991,0
990,0
989,1
988,0
987,0
986,0
985,0
984,1
983,0
982,1
981,1
980,1
979,1
978,1
977,1
976,0
975,1
974,1
973,0
972,1
971,1
970,1
969,0
968,1
967,1
966,1
965,0
964,0
963,1
962,1
961,1
960,0
959,0
958,1
957,0
956,0
955,1
954,0
953,1
952,1
951,0
950,1
949,0
948,1
947,0
946,0
945,0
944,1
943,0
942,1
941,0
940,1
939,0
938,0
937,1
936,0
935,1
934,0
933,0
932,1
931,1
930,0
929,1
928,0
927,0
926,1
925,0
924,1
923,0
922,0
921,0
920,0
919,1
918,1
917,1
916,1
915,1
914,0
913,0
912,0
911,1
910,1
909,0
908,1
907,1
906,0
905,0
904,0
903,1
902,0
901,0
900,1
899,0
898,1
897,0
896,1
895,0
894,0
893,0
892,0
891,1
890,1
889,1
888,1
887,1
886,1
885,0
884,1
883,1
882,0
881,0
880,0
879,0
878,0
877,0
876,0
875,0
874,1
873,0
872,1
871,1
870,1
869,0
868,1
867,1
866,1
865,1
864,0
863,1
862,0
861,0
860,1
859,1
858,0
857,1
856,1
855,1
854,0
853,1
852,0
851,1
850,1
849,1
848,0
847,1
846,1
845,1
844,0
843,0
842,0
841,1
840,0
839,1
838,0
837,0
836,1
835,0
834,1
833,1
832,1
831,1
830,1
829,1
828,1
827,1
826,1
825,1
824,0
823,1
822,0
821,1
820,0
819,0
818,0
817,1
816,1
815,1
814,0
813,1
812,1
811,1
810,0
809,1
808,0
807,1
806,0
805,0
804,0
803,0
802,1
801,0
800,0
799,0
798,1
797,0
796,1
795,1
794,1
793,1
792,0
791,1
790,0
789,0
788,0
787,0
786,1
785,0
784,1
783,0
782,0
781,0
780,0
779,0
778,1
777,0
776,1
775,0
774,1
773,1
772,1
771,1
770,0
769,0
768,1
767,1
766,1
765,0
764,1
763,0
762,0
761,1
760,0
759,0
758,1
757,0
756,0
755,0
754,1
753,0
752,1
751,1
750,0
749,1
748,1
747,1
746,1
745,1
744,0
743,0
742,1
741,0
740,0
739,0
738,1
737,1
736,1
735,0
734,1
733,1
732,1
731,1
730,1
729,1
728,1
727,0
726,0
725,1
724,1
723,0
722,1
721,0
720,1
719,1
718,1
717,0
716,0
715,1
714,0
713,1
712,1
711,1
710,0
709,1
708,0
707,0
706,1
705,0
704,1
703,0
702,0
701,1
700,0
699,0
698,1
697,1
696,1
695,0
694,1
693,1
692,1
691,1
690,0
689,1
688,0
687,1
686,0
685,0
684,1
683,0
682,1
681,1
680,0
679,0
678,0
677,0
676,1
675,1
674,0
673,1
672,0
671,1
670,0
669,0
668,1
667,0
666,1
665,1
664,0
663,1
662,1
661,1
660,0
659,0
658,1
657,0
656,1
655,0
654,0
653,1
652,1
651,1
650,1
649,1
648,1
647,0
646,1
645,1
644,0
643,0
642,1
641,0
640,1
639,0
638,0
637,0
636,1
635,0
634,0
633,0
632,0
631,1
630,0
629,1
628,0
627,1
626,0
625,0
624,1
623,1
622,1
621,1
620,1
619,1
618,0
617,1
616,0
615,0
614,0
613,0
612,1
611,0
610,0
609,0
608,1
607,1
606,1
605,1
604,1
603,1
602,1
601,1
600,0
599,0
598,0
597,0
596,1
595,0
594,1
593,1
592,1
591,0
590,0
589,0
588,0
587,1
586,0
585,1
584,0
583,0
582,1
581,1
580,0
579,1
578,1
577,1
576,1
575,0
574,1
573,1
572,1
571,1
570,1
569,0
568,0
567,1
566,0
565,0
564,1
563,1
562,1
561,0
560,0
559,0
558,1
557,1
556,1
555,0
554,0
553,1
552,0
551,1
550,1
549,0
548,0
547,1
546,1
545,0
544,1
543,1
542,0
541,1
540,0
539,0
538,0
537,0
536,0
535,1
534,1
533,1
532,1
531,0
530,1
529,1
528,1
527,1
526,1
525,0
524,1
523,1
522,1
521,1
520,1
519,1
518,1
517,0
516,1
515,0
514,0
513,1
512,1
511,1
510,1
509,0
508,0
507,1
506,1
505,1
504,0
503,0
502,0
501,0
500,1
499,1
498,0
497,0
496,0
495,1
494,0
493,0
492,1
491,1
490,1
489,0
488,0
487,0
486,0
485,1
484,0
483,1
482,1
481,0
480,1
479,1
478,1
477,1
476,0
475,1
474,1
473,0
472,1
471,1
470,0
469,0
468,1
467,0
466,0
465,0
464,1
463,0
462,1
461,0
460,0
459,1
458,1
457,1
456,0
455,0
454,0
453,0
452,0
451,0
450,0
449,0
448,1
447,1
446,0
445,0
444,0
443,1
442,1
441,0
440,1
439,1
438,0
437,0
436,1
435,1
434,1
433,0
432,0
431,0
430,1
429,1
428,0
427,1
426,1
425,1
424,1
423,0
422,1
421,1
420,1
419,1
418,1
417,1
416,1
415,1
414,1
413,0
412,1
411,0
410,0
409,1
408,1
407,1
406,0
405,0
404,0
403,0
402,0
401,0
400,1
399,1
398,1
397,0
396,1
395,1
394,1
393,1
392,1
391,1
390,0
389,1
388,1
387,1
386,0
385,1
384,1
383,0
382,1
381,0
380,1
379,1
378,1
377,1
376,1
375,0
374,0
373,0
372,0
371,1
370,0
369,1
368,1
367,1
366,0
365,1
364,0
363,1
362,1
361,1
360,1
359,1
358,1
357,1
356,0
355,0
354,1
353,1
352,0
351,0
350,1
349,1
348,1
347,1
346,1
345,0
344,1
343,0
342,1
341,1
340,0
339,1
338,1
337,1
336,0
335,1
334,0
333,1
332,1
331,1
330,0
329,1
328,0
327,0
326,1
325,0
324,1
323,0
322,0
321,0
320,0
319,0
318,1
317,1
316,1
315,0
314,1
313,0
312,0
311,1
310,0
309,1
308,1
307,0
306,0
305,1
304,0
303,0
302,0
301,0
300,1
299,0
298,0
297,1
296,1
295,0
294,1
293,0
292,1
291,1
290,0
289,0
288,0
287,0
286,0
285,0
284,0
283,1
282,0
281,1
280,0
279,0
278,0
277,0
276,0
275,1
274,1
273,1
272,0
271,0
270,1
269,0
268,1
267,0
266,1
265,1
264,0
263,0
262,0
261,1
260,1
259,0
258,0
257,1
256,0
255,0
254,1
253,1
252,0
251,1
250,1
249,1
248,0
247,1
246,0
245,0
244,1
243,0
242,0
241,1
240,0
239,0
238,1
237,1
236,0
235,1
234,0
233,0
232,1
231,0
230,1
229,0
228,0
227,1
226,1
225,1
224,1
223,1
222,0
221,0
220,1
219,0
218,1
217,0
216,1
215,1
214,1
213,0
212,1
211,0
210,0
209,1
208,1
207,1
206,1
205,0
204,1
203,0
202,0
201,1
200,0
199,1
198,0
197,0
196,1
195,1
194,0
193,0
192,0
191,0
190,1
189,1
188,0
187,1
186,1
185,1
184,0
183,1
182,0
181,1
180,0
179,0
178,1
177,1
176,1
175,1
174,0
173,0
172,1
171,1
170,0
169,1
168,0
167,0
166,0
165,0
164,0
163,0
162,0
161,1
160,0
159,1
158,0
157,0
156,1
155,1
154,1
153,1
152,1
151,1
150,0
149,0
148,1
147,1
146,0
145,1
144,0
143,0
142,1
141,0
140,0
139,1
138,0
137,0
136,0
135,1
134,1
133,0
132,1
131,1
130,1
129,1
128,0
127,1
126,1
125,0
124,1
123,0
122,1
121,1
120,0
119,0
118,0
117,1
116,1
115,1
114,1
113,0
112,1
111,1
110,0
109,1
108,1
107,1
106,1
105,0
104,0
103,0
102,0
101,0
100,0
99,0
98,0
97,1
96,1
95,0
94,0
93,1
92,1
91,0
90,1
89,0
88,1
87,0
86,0
85,0
84,1
83,1
82,0
81,1
80,1
79,0
78,1
77,1
76,1
75,0
74,1
73,1
72,1
71,1
70,1
69,0
68,0
67,1
66,0
65,0
64,0
63,0
62,0
61,1
60,1
59,0
58,0
57,1
56,1
55,1
54,0
53,0
52,0
51,0
50,1
49,1
48,0
47,0
46,0
45,0
44,1
43,1
42,0
41,0
40,0
39,0
38,0
37,1
36,1
35,0
34,1
33,1
32,1
31,1
30,1
29,0
28,1
27,0
26,0
25,0
24,0
23,1
22,1
21,1
20,1
19,1
18,1
17,1
16,1
15,1
14,0
13,0
12,0
11,0
10,1
9,1
8,0
7,1
6,0
5,1
4,0
3,1
2,0
1,0
0,1
